SALE_ID,PRODUCT_NAME,CATEGORY,QUANTITY,UNIT_PRICE,TOTAL_AMOUNT,CUSTOMER_NAME,REGION,SALE_DATE,PAYMENT_METHOD,CREATED_AT
1,Laptop,Audio,2,432.23,8062.70,Henry Taylor,Europe,2024-10-24,Debit Card,2026-07-30 00:07:34.800
2,Laptop,Storage,13,453.91,22024.20,Irene Clark,Asia Pacific,2026-05-20,Cash,2026-07-30 00:07:34.800
3,Keyboard,Storage,12,1508.20,10079.93,Emma Davis,Asia Pacific,2026-02-17,Credit Card,2026-07-30 00:07:34.800
4,Webcam,Audio,6,1833.28,3366.90,Alice Johnson,Asia Pacific,2025-12-21,Debit Card,2026-07-30 00:07:34.800
5,Mouse,Storage,12,1292.46,3026.45,Bob Smith,Latin America,2024-10-07,Debit Card,2026-07-30 00:07:34.800
6,Speaker,Computing,13,1455.30,2416.80,Bob Smith,North America,2024-08-17,Debit Card,2026-07-30 00:07:34.800
7,Tablet,Accessories,12,1451.33,1927.74,Jack Moore,Latin America,2025-03-07,Credit Card,2026-07-30 00:07:34.800
8,Keyboard,Storage,10,195.16,12753.36,David Brown,Middle East,2026-04-04,Credit Card,2026-07-30 00:07:34.800
9,Keyboard,Audio,17,882.11,13185.60,Jack Moore,Latin America,2025-11-20,Wire Transfer,2026-07-30 00:07:34.800
10,Keyboard,Storage,17,612.75,6928.32,Jack Moore,Latin America,2025-10-06,Debit Card,2026-07-30 00:07:34.800
11,Mouse,Audio,1,987.15,1275.75,David Brown,North America,2026-01-12,Wire Transfer,2026-07-30 00:07:34.800
12,Speaker,Electronics,19,280.70,4730.24,Bob Smith,Europe,2025-07-09,PayPal,2026-07-30 00:07:34.800
13,Mouse,Electronics,10,360.02,8567.35,David Brown,North America,2024-11-10,Debit Card,2026-07-30 00:07:34.800
14,Mouse,Accessories,4,1773.44,5370.72,Alice Johnson,Asia Pacific,2025-02-11,Cash,2026-07-30 00:07:34.800
15,Webcam,Computing,17,550.49,6905.80,Alice Johnson,Middle East,2025-06-25,PayPal,2026-07-30 00:07:34.800
16,SSD,Electronics,15,1955.08,4465.10,David Brown,Asia Pacific,2024-10-30,Credit Card,2026-07-30 00:07:34.800
17,Headphones,Storage,18,1279.31,15339.30,David Brown,North America,2025-01-14,Cash,2026-07-30 00:07:34.800
18,Mouse,Electronics,17,1381.08,5528.88,Carol White,Asia Pacific,2024-12-10,Wire Transfer,2026-07-30 00:07:34.800
19,Speaker,Audio,7,1459.91,3742.68,Bob Smith,Europe,2025-08-26,Wire Transfer,2026-07-30 00:07:34.800
20,Keyboard,Electronics,10,1616.18,30014.82,Bob Smith,Europe,2026-01-30,Credit Card,2026-07-30 00:07:34.800
21,Webcam,Accessories,14,804.88,9421.10,David Brown,Latin America,2024-10-17,Cash,2026-07-30 00:07:34.800
22,Webcam,Electronics,6,1523.50,830.30,Emma Davis,North America,2026-07-23,Cash,2026-07-30 00:07:34.800
23,Webcam,Accessories,8,571.81,12885.60,Jack Moore,Middle East,2025-03-09,Credit Card,2026-07-30 00:07:34.800
24,Mouse,Audio,10,1603.60,812.27,Emma Davis,Europe,2025-03-10,Wire Transfer,2026-07-30 00:07:34.800
25,Webcam,Accessories,10,158.44,2947.84,Carol White,North America,2024-08-14,PayPal,2026-07-30 00:07:34.800
26,Laptop,Audio,10,397.68,23152.61,Irene Clark,Middle East,2025-06-17,Debit Card,2026-07-30 00:07:34.800
27,Laptop,Audio,1,805.55,9021.24,Bob Smith,Latin America,2025-03-12,Debit Card,2026-07-30 00:07:34.800
28,Mouse,Audio,12,354.61,8663.16,Frank Wilson,Latin America,2025-05-24,PayPal,2026-07-30 00:07:34.800
29,Webcam,Audio,5,1267.09,25937.86,Jack Moore,North America,2025-10-16,Wire Transfer,2026-07-30 00:07:34.800
30,SSD,Accessories,7,1279.10,3642.92,Irene Clark,Asia Pacific,2026-02-06,Wire Transfer,2026-07-30 00:07:34.800
31,Laptop,Electronics,9,1992.78,21016.56,Alice Johnson,North America,2026-03-25,Credit Card,2026-07-30 00:07:34.800
32,SSD,Electronics,17,1161.26,841.92,Emma Davis,North America,2026-03-22,PayPal,2026-07-30 00:07:34.800
33,SSD,Storage,5,1335.14,1638.60,Emma Davis,Middle East,2025-04-22,Wire Transfer,2026-07-30 00:07:34.800
34,Mouse,Storage,13,441.82,2990.40,Grace Lee,North America,2024-09-12,Debit Card,2026-07-30 00:07:34.800
35,Keyboard,Storage,15,1018.97,7915.67,Carol White,Middle East,2025-09-10,Wire Transfer,2026-07-30 00:07:34.800
36,SSD,Storage,16,1235.02,2857.47,David Brown,Latin America,2024-12-13,Cash,2026-07-30 00:07:34.800
37,Tablet,Audio,1,1290.41,2162.04,Henry Taylor,Latin America,2025-09-03,PayPal,2026-07-30 00:07:34.800
38,Laptop,Storage,19,1178.80,20745.61,Frank Wilson,North America,2025-01-06,Credit Card,2026-07-30 00:07:34.800
39,Webcam,Audio,2,1911.24,1986.11,Carol White,North America,2025-03-18,PayPal,2026-07-30 00:07:34.800
40,Speaker,Computing,13,279.94,19206.40,Frank Wilson,Asia Pacific,2025-08-19,Debit Card,2026-07-30 00:07:34.800
41,Webcam,Storage,17,632.96,4276.75,Carol White,Middle East,2024-11-18,Wire Transfer,2026-07-30 00:07:34.800
42,Headphones,Computing,2,807.90,24307.36,Carol White,Asia Pacific,2026-04-09,PayPal,2026-07-30 00:07:34.800
43,Monitor,Electronics,2,1046.63,27063.72,Emma Davis,Asia Pacific,2025-12-05,PayPal,2026-07-30 00:07:34.800
44,Speaker,Accessories,1,72.73,1788.50,Henry Taylor,Middle East,2025-10-04,Wire Transfer,2026-07-30 00:07:34.800
45,Tablet,Audio,4,420.88,8353.76,Grace Lee,Europe,2026-05-17,PayPal,2026-07-30 00:07:34.800
46,Mouse,Audio,20,1192.81,9900.35,Emma Davis,Latin America,2025-11-21,Debit Card,2026-07-30 00:07:34.800
47,Phone,Computing,8,1917.70,11857.70,Bob Smith,Latin America,2025-08-09,Credit Card,2026-07-30 00:07:34.800
48,Speaker,Storage,11,1534.56,16973.80,Frank Wilson,Europe,2026-07-10,Debit Card,2026-07-30 00:07:34.800
49,Phone,Accessories,11,942.62,10906.84,David Brown,Middle East,2024-08-08,PayPal,2026-07-30 00:07:34.800
50,Webcam,Computing,17,1472.47,1164.48,Bob Smith,Latin America,2025-09-15,Cash,2026-07-30 00:07:34.800
51,Phone,Accessories,18,1610.12,728.90,Carol White,North America,2025-06-14,PayPal,2026-07-30 00:07:34.800
52,Monitor,Audio,3,121.56,3873.87,Frank Wilson,Middle East,2026-04-23,Cash,2026-07-30 00:07:34.800
53,Headphones,Accessories,11,704.27,6058.64,Grace Lee,Latin America,2024-10-07,Credit Card,2026-07-30 00:07:34.800
54,Webcam,Computing,16,1648.86,19082.20,Frank Wilson,Latin America,2026-02-13,Cash,2026-07-30 00:07:34.800
55,Laptop,Electronics,17,1908.56,13433.44,Alice Johnson,North America,2026-06-18,PayPal,2026-07-30 00:07:34.800
56,Laptop,Electronics,15,1264.68,17591.36,Jack Moore,North America,2025-06-01,Credit Card,2026-07-30 00:07:34.800
57,Webcam,Electronics,2,1720.53,1412.46,Alice Johnson,Latin America,2026-01-09,PayPal,2026-07-30 00:07:34.800
58,Webcam,Storage,12,1158.34,3894.96,David Brown,Middle East,2026-02-14,Cash,2026-07-30 00:07:34.800
59,Laptop,Audio,17,1071.13,37773.80,Carol White,North America,2024-08-29,Credit Card,2026-07-30 00:07:34.800
60,Webcam,Storage,16,1670.29,9048.71,Emma Davis,Latin America,2025-02-22,Debit Card,2026-07-30 00:07:34.800
61,Keyboard,Computing,3,1842.09,29528.70,Frank Wilson,Latin America,2026-04-04,PayPal,2026-07-30 00:07:34.800
62,Laptop,Audio,2,553.17,878.58,Carol White,North America,2026-05-26,Cash,2026-07-30 00:07:34.800
63,Keyboard,Computing,4,1321.35,28116.30,Henry Taylor,Europe,2026-07-29,PayPal,2026-07-30 00:07:34.800
64,Phone,Accessories,2,1249.01,12504.52,Frank Wilson,Middle East,2024-10-15,PayPal,2026-07-30 00:07:34.800
65,Mouse,Audio,8,299.55,560.56,Frank Wilson,Middle East,2025-05-22,Wire Transfer,2026-07-30 00:07:34.800
66,Keyboard,Computing,11,1715.39,2346.15,Grace Lee,Asia Pacific,2024-11-17,Cash,2026-07-30 00:07:34.800
67,Tablet,Accessories,1,1186.52,881.88,Emma Davis,Europe,2025-05-09,Cash,2026-07-30 00:07:34.800
68,SSD,Storage,15,93.89,13743.34,Henry Taylor,Latin America,2026-06-03,Cash,2026-07-30 00:07:34.800
69,Speaker,Electronics,20,1320.72,4173.52,Carol White,Latin America,2024-08-07,Wire Transfer,2026-07-30 00:07:34.800
70,Tablet,Audio,6,93.19,34975.62,Frank Wilson,Europe,2025-10-02,Wire Transfer,2026-07-30 00:07:34.800
71,Speaker,Storage,14,267.64,13542.87,David Brown,North America,2024-12-29,Credit Card,2026-07-30 00:07:34.800
72,Tablet,Audio,10,1198.69,7996.08,Frank Wilson,North America,2024-10-31,Wire Transfer,2026-07-30 00:07:34.800
73,Speaker,Accessories,13,1492.37,33035.49,Carol White,North America,2025-06-03,PayPal,2026-07-30 00:07:34.800
74,Webcam,Audio,12,1443.72,1939.48,Frank Wilson,Middle East,2026-03-21,Cash,2026-07-30 00:07:34.800
75,Tablet,Storage,20,62.69,8537.20,Alice Johnson,Asia Pacific,2025-01-11,Cash,2026-07-30 00:07:34.800
76,Tablet,Audio,20,413.84,1223.80,Irene Clark,Asia Pacific,2025-11-08,PayPal,2026-07-30 00:07:34.800
77,Monitor,Accessories,10,1197.41,3996.18,Emma Davis,North America,2025-09-16,Debit Card,2026-07-30 00:07:34.800
78,Keyboard,Audio,9,1748.98,1267.19,Frank Wilson,Latin America,2024-08-14,Wire Transfer,2026-07-30 00:07:34.800
79,Keyboard,Accessories,2,1442.74,1567.15,Frank Wilson,Middle East,2024-11-30,Debit Card,2026-07-30 00:07:34.800
80,Mouse,Audio,17,1872.35,6715.35,Jack Moore,Middle East,2025-03-21,Debit Card,2026-07-30 00:07:34.800
81,Monitor,Computing,17,961.53,2455.56,David Brown,Europe,2024-09-28,Credit Card,2026-07-30 00:07:34.800
82,SSD,Storage,4,196.73,31389.12,David Brown,North America,2025-09-02,Cash,2026-07-30 00:07:34.800
83,SSD,Audio,3,409.57,3327.72,Jack Moore,Middle East,2026-07-03,Credit Card,2026-07-30 00:07:34.800
84,Headphones,Computing,10,1792.75,13990.20,Carol White,Asia Pacific,2025-09-21,Credit Card,2026-07-30 00:07:34.800
85,Keyboard,Computing,7,1714.84,4720.26,David Brown,North America,2025-02-15,PayPal,2026-07-30 00:07:34.800
86,Tablet,Electronics,15,679.35,17695.35,Carol White,Asia Pacific,2024-11-29,Wire Transfer,2026-07-30 00:07:34.800
87,Laptop,Accessories,19,382.33,7357.45,Jack Moore,Europe,2024-12-18,PayPal,2026-07-30 00:07:34.800
88,Monitor,Storage,4,549.26,2344.18,Carol White,Latin America,2025-04-28,PayPal,2026-07-30 00:07:34.800
89,Monitor,Storage,14,484.28,1003.04,Carol White,North America,2024-09-20,Credit Card,2026-07-30 00:07:34.800
90,Phone,Electronics,14,794.53,27847.20,Grace Lee,Middle East,2025-05-01,Cash,2026-07-30 00:07:34.800
91,Tablet,Accessories,20,932.27,20711.34,Grace Lee,Europe,2026-07-01,Wire Transfer,2026-07-30 00:07:34.800
92,Speaker,Accessories,14,1253.65,9471.28,Carol White,Latin America,2025-08-19,Cash,2026-07-30 00:07:34.800
93,Tablet,Electronics,7,391.96,11606.53,Jack Moore,Middle East,2026-07-19,Debit Card,2026-07-30 00:07:34.800
94,Tablet,Audio,6,479.13,14649.92,Irene Clark,Europe,2024-09-14,Wire Transfer,2026-07-30 00:07:34.800
95,Webcam,Electronics,9,1254.43,14792.64,Henry Taylor,Latin America,2025-01-09,PayPal,2026-07-30 00:07:34.800
96,Mouse,Audio,8,1305.25,1148.72,Frank Wilson,North America,2025-05-28,Debit Card,2026-07-30 00:07:34.800
97,Keyboard,Electronics,16,53.48,2270.12,Bob Smith,Middle East,2024-09-12,Credit Card,2026-07-30 00:07:34.800
98,Mouse,Storage,3,1917.70,17580.15,Frank Wilson,Asia Pacific,2025-10-24,PayPal,2026-07-30 00:07:34.800
99,Phone,Electronics,20,1238.65,1245.39,Carol White,Europe,2024-11-29,Cash,2026-07-30 00:07:34.800
100,Webcam,Storage,5,1068.08,11241.12,Carol White,Latin America,2025-07-25,Debit Card,2026-07-30 00:07:34.800
101,Webcam,Electronics,6,691.58,4305.60,Frank Wilson,Asia Pacific,2024-08-03,Cash,2026-07-30 00:07:34.800
102,Monitor,Computing,4,1693.66,7721.55,Bob Smith,Latin America,2026-04-27,Wire Transfer,2026-07-30 00:07:34.800
103,Phone,Accessories,7,1229.09,9975.00,Carol White,Europe,2024-12-20,Debit Card,2026-07-30 00:07:34.800
104,Keyboard,Storage,16,1787.72,15861.28,Alice Johnson,Latin America,2024-11-11,Debit Card,2026-07-30 00:07:34.800
105,Tablet,Computing,9,1352.33,8690.89,Grace Lee,Europe,2025-03-19,Cash,2026-07-30 00:07:34.800
106,Headphones,Electronics,6,831.18,5075.13,Emma Davis,Latin America,2024-10-25,Wire Transfer,2026-07-30 00:07:34.800
107,Monitor,Electronics,1,822.33,3401.96,Jack Moore,Asia Pacific,2025-02-27,Debit Card,2026-07-30 00:07:34.800
108,Headphones,Audio,20,105.42,14792.49,Jack Moore,Europe,2024-08-27,Cash,2026-07-30 00:07:34.800
109,Laptop,Storage,8,125.91,19395.53,Irene Clark,Europe,2024-08-11,Debit Card,2026-07-30 00:07:34.800
110,Tablet,Accessories,17,1273.84,10416.28,Frank Wilson,Asia Pacific,2025-05-11,Wire Transfer,2026-07-30 00:07:34.800
111,Keyboard,Computing,13,1488.77,36618.00,Henry Taylor,North America,2026-05-03,Debit Card,2026-07-30 00:07:34.800
112,Tablet,Accessories,9,1746.24,21190.20,Grace Lee,North America,2024-12-14,Wire Transfer,2026-07-30 00:07:34.800
113,Mouse,Storage,20,1146.83,742.22,Emma Davis,Latin America,2024-08-13,Debit Card,2026-07-30 00:07:34.800
114,Phone,Computing,5,496.66,2010.08,Alice Johnson,Europe,2024-09-04,PayPal,2026-07-30 00:07:34.800
115,Webcam,Storage,13,621.92,3573.40,David Brown,Latin America,2024-10-13,PayPal,2026-07-30 00:07:34.800
116,Monitor,Storage,20,809.74,5687.64,Carol White,Europe,2025-09-07,Wire Transfer,2026-07-30 00:07:34.800
117,Webcam,Audio,12,70.64,9709.36,Emma Davis,Middle East,2026-06-04,Credit Card,2026-07-30 00:07:34.800
118,Webcam,Electronics,20,475.87,16325.26,Carol White,Europe,2024-10-27,Cash,2026-07-30 00:07:34.800
119,Laptop,Audio,12,1157.51,3850.02,David Brown,North America,2025-12-10,Cash,2026-07-30 00:07:34.800
120,Keyboard,Accessories,20,1271.35,6427.44,David Brown,Asia Pacific,2025-04-27,Credit Card,2026-07-30 00:07:34.800
121,Speaker,Accessories,18,1244.03,5807.36,Bob Smith,Latin America,2026-01-30,Debit Card,2026-07-30 00:07:34.800
122,Mouse,Storage,16,688.12,13411.23,Grace Lee,North America,2025-09-29,Debit Card,2026-07-30 00:07:34.800
123,Laptop,Storage,5,490.01,25515.98,Carol White,Europe,2024-11-12,Debit Card,2026-07-30 00:07:34.800
124,Speaker,Electronics,8,711.23,23957.82,Irene Clark,Asia Pacific,2025-02-07,Cash,2026-07-30 00:07:34.800
125,Keyboard,Audio,7,1338.90,807.92,Alice Johnson,Europe,2024-08-11,PayPal,2026-07-30 00:07:34.800
126,Webcam,Storage,6,110.94,21366.95,David Brown,Middle East,2025-11-11,Credit Card,2026-07-30 00:07:34.800
127,Mouse,Accessories,7,1091.80,25594.33,Emma Davis,Europe,2026-05-29,Cash,2026-07-30 00:07:34.800
128,Speaker,Computing,17,1030.15,613.62,Bob Smith,Europe,2026-04-19,Wire Transfer,2026-07-30 00:07:34.800
129,Mouse,Accessories,19,554.40,17914.65,Henry Taylor,Middle East,2025-12-26,PayPal,2026-07-30 00:07:34.800
130,Headphones,Storage,19,234.85,3351.30,Jack Moore,Asia Pacific,2025-02-20,Debit Card,2026-07-30 00:07:34.800
131,Mouse,Audio,7,770.59,6035.38,Alice Johnson,Asia Pacific,2024-08-25,Wire Transfer,2026-07-30 00:07:34.800
132,Phone,Storage,19,1035.70,2250.18,David Brown,Latin America,2025-11-29,Debit Card,2026-07-30 00:07:34.800
133,Laptop,Electronics,3,986.38,6997.23,David Brown,Asia Pacific,2025-01-15,PayPal,2026-07-30 00:07:34.800
134,SSD,Computing,6,146.55,10394.86,Bob Smith,Latin America,2024-10-21,Wire Transfer,2026-07-30 00:07:34.800
135,Phone,Audio,16,1933.66,4734.62,Emma Davis,Asia Pacific,2024-10-11,Wire Transfer,2026-07-30 00:07:34.800
136,Laptop,Electronics,14,1401.91,8475.32,Irene Clark,North America,2025-07-06,PayPal,2026-07-30 00:07:34.800
137,Laptop,Accessories,5,1477.67,7616.96,Grace Lee,Asia Pacific,2025-12-06,PayPal,2026-07-30 00:07:34.800
138,Keyboard,Computing,13,609.09,11692.35,Grace Lee,Europe,2025-03-27,Wire Transfer,2026-07-30 00:07:34.800
139,Monitor,Electronics,2,1799.92,5500.01,Carol White,North America,2025-12-09,Cash,2026-07-30 00:07:34.800
140,Keyboard,Storage,2,1108.34,498.27,Carol White,North America,2025-04-26,Wire Transfer,2026-07-30 00:07:34.800
141,Monitor,Electronics,14,1132.31,3971.00,Henry Taylor,Asia Pacific,2026-05-07,Credit Card,2026-07-30 00:07:34.800
142,Headphones,Storage,12,1443.76,27554.75,Bob Smith,Middle East,2024-09-20,Credit Card,2026-07-30 00:07:34.800
143,Laptop,Storage,7,1426.58,5250.96,Carol White,Europe,2025-10-23,Wire Transfer,2026-07-30 00:07:34.800
144,Speaker,Accessories,20,1235.28,7837.05,Emma Davis,Latin America,2025-06-29,Wire Transfer,2026-07-30 00:07:34.800
145,Phone,Storage,9,466.69,15706.80,Frank Wilson,Latin America,2026-01-29,Cash,2026-07-30 00:07:34.800
146,Mouse,Accessories,15,465.14,11433.15,Grace Lee,Middle East,2025-07-07,Wire Transfer,2026-07-30 00:07:34.800
147,Phone,Computing,9,1766.98,142.94,Irene Clark,Middle East,2026-02-27,Wire Transfer,2026-07-30 00:07:34.800
148,Tablet,Electronics,18,191.39,15013.12,Frank Wilson,Latin America,2025-09-30,Wire Transfer,2026-07-30 00:07:34.800
149,Headphones,Electronics,5,1527.68,5053.28,Irene Clark,Asia Pacific,2025-06-06,PayPal,2026-07-30 00:07:34.800
150,Headphones,Storage,1,1031.90,2966.16,Grace Lee,Middle East,2026-03-07,PayPal,2026-07-30 00:07:34.800
151,Tablet,Computing,5,518.56,3866.72,Grace Lee,Europe,2024-08-28,Credit Card,2026-07-30 00:07:34.800
152,SSD,Computing,13,909.70,6487.55,Irene Clark,Latin America,2025-06-22,Debit Card,2026-07-30 00:07:34.800
153,Mouse,Storage,17,490.90,654.03,David Brown,North America,2025-01-31,Wire Transfer,2026-07-30 00:07:34.800
154,SSD,Storage,10,165.25,20664.80,Frank Wilson,Middle East,2025-10-27,Cash,2026-07-30 00:07:34.800
155,Tablet,Computing,15,1826.60,4847.59,Emma Davis,Asia Pacific,2026-07-18,PayPal,2026-07-30 00:07:34.800
156,Monitor,Storage,8,331.51,519.61,Emma Davis,Asia Pacific,2026-02-10,Wire Transfer,2026-07-30 00:07:34.800
157,Mouse,Computing,15,268.43,3700.38,Bob Smith,North America,2024-12-25,Credit Card,2026-07-30 00:07:34.800
158,Phone,Electronics,9,942.98,14998.00,Jack Moore,North America,2026-04-04,PayPal,2026-07-30 00:07:34.800
159,Phone,Storage,8,1981.39,22556.70,Grace Lee,North America,2025-03-29,Wire Transfer,2026-07-30 00:07:34.800
160,Monitor,Computing,5,888.82,24694.93,Jack Moore,Asia Pacific,2025-01-22,PayPal,2026-07-30 00:07:34.800
161,Webcam,Audio,4,745.53,5156.73,Emma Davis,Middle East,2025-11-01,Debit Card,2026-07-30 00:07:34.800
162,Monitor,Electronics,20,318.55,1703.56,Irene Clark,North America,2025-11-02,Credit Card,2026-07-30 00:07:34.800
163,SSD,Electronics,18,1433.76,13682.52,Emma Davis,Europe,2024-12-09,Credit Card,2026-07-30 00:07:34.800
164,Laptop,Computing,14,1731.33,1691.00,Grace Lee,Middle East,2025-04-08,Wire Transfer,2026-07-30 00:07:34.800
165,Headphones,Electronics,2,1652.86,30891.24,Irene Clark,Europe,2026-02-19,Credit Card,2026-07-30 00:07:34.800
166,Phone,Computing,13,1091.41,29755.20,Jack Moore,Middle East,2025-02-11,PayPal,2026-07-30 00:07:34.800
167,Phone,Audio,15,565.36,12750.12,Alice Johnson,North America,2026-01-22,Credit Card,2026-07-30 00:07:34.800
168,Speaker,Accessories,19,1356.17,23700.55,Frank Wilson,Middle East,2025-02-06,Credit Card,2026-07-30 00:07:34.800
169,Tablet,Electronics,17,987.75,3619.30,Jack Moore,Europe,2024-08-26,Wire Transfer,2026-07-30 00:07:34.800
170,Monitor,Computing,15,181.79,13074.46,Bob Smith,Latin America,2024-12-16,Debit Card,2026-07-30 00:07:34.800
171,Mouse,Audio,15,79.02,6255.20,Irene Clark,Asia Pacific,2025-11-29,Debit Card,2026-07-30 00:07:34.800
172,Keyboard,Storage,17,213.75,10531.99,David Brown,Middle East,2025-01-31,Cash,2026-07-30 00:07:34.800
173,SSD,Accessories,5,652.76,5734.02,Frank Wilson,North America,2024-11-29,PayPal,2026-07-30 00:07:34.800
174,Webcam,Audio,9,1112.40,15173.08,Alice Johnson,Europe,2025-09-24,Debit Card,2026-07-30 00:07:34.800
175,Laptop,Storage,10,1570.92,1908.60,Irene Clark,Europe,2026-02-13,PayPal,2026-07-30 00:07:34.800
176,Monitor,Audio,14,1382.48,6073.20,Grace Lee,North America,2025-09-22,Debit Card,2026-07-30 00:07:34.800
177,Speaker,Accessories,14,1778.53,14397.60,Grace Lee,Europe,2025-01-02,Wire Transfer,2026-07-30 00:07:34.800
178,SSD,Audio,4,1574.34,16571.39,Bob Smith,Middle East,2025-05-24,PayPal,2026-07-30 00:07:34.800
179,SSD,Computing,18,1408.25,5509.83,Jack Moore,Latin America,2026-07-05,Debit Card,2026-07-30 00:07:34.800
180,Webcam,Computing,18,588.71,11565.99,Irene Clark,Europe,2025-12-07,Debit Card,2026-07-30 00:07:34.800
181,Tablet,Electronics,11,22.25,1126.02,Emma Davis,Asia Pacific,2025-04-29,PayPal,2026-07-30 00:07:34.800
182,Headphones,Electronics,1,561.83,26655.60,Frank Wilson,North America,2025-08-01,Debit Card,2026-07-30 00:07:34.800
183,Monitor,Electronics,9,592.65,5134.64,Jack Moore,Latin America,2025-03-22,Debit Card,2026-07-30 00:07:34.800
184,Laptop,Storage,2,466.03,5755.12,Frank Wilson,Asia Pacific,2024-09-16,PayPal,2026-07-30 00:07:34.800
185,Laptop,Storage,9,421.78,14342.04,David Brown,North America,2026-03-05,Cash,2026-07-30 00:07:34.800
186,Webcam,Electronics,17,1357.06,7961.03,Jack Moore,Asia Pacific,2025-01-14,Debit Card,2026-07-30 00:07:34.800
187,Speaker,Storage,18,847.16,2846.36,Bob Smith,North America,2026-03-09,PayPal,2026-07-30 00:07:34.800
188,SSD,Accessories,17,1505.14,9753.30,Carol White,Middle East,2025-11-14,Credit Card,2026-07-30 00:07:34.800
189,Keyboard,Storage,13,1454.08,17000.16,Bob Smith,Asia Pacific,2024-10-25,Credit Card,2026-07-30 00:07:34.800
190,Tablet,Computing,8,1370.47,20482.56,Frank Wilson,Europe,2024-11-04,Debit Card,2026-07-30 00:07:34.800
191,Mouse,Audio,20,36.54,1399.38,Irene Clark,Middle East,2026-07-15,PayPal,2026-07-30 00:07:34.800
192,Monitor,Electronics,17,1298.33,23335.05,Henry Taylor,North America,2025-08-17,Debit Card,2026-07-30 00:07:34.800
193,Phone,Storage,18,1102.77,29505.10,Carol White,Europe,2025-09-06,Wire Transfer,2026-07-30 00:07:34.800
194,Headphones,Storage,20,1190.20,28503.90,David Brown,Europe,2026-05-13,PayPal,2026-07-30 00:07:34.800
195,SSD,Audio,19,1274.56,2969.32,Henry Taylor,Asia Pacific,2024-12-20,Wire Transfer,2026-07-30 00:07:34.800
196,Phone,Accessories,19,401.15,3910.06,Bob Smith,Middle East,2024-12-26,Wire Transfer,2026-07-30 00:07:34.800
197,Monitor,Computing,4,234.18,833.71,Alice Johnson,Middle East,2025-06-20,Credit Card,2026-07-30 00:07:34.800
198,Tablet,Accessories,20,35.75,26721.44,Bob Smith,Middle East,2024-11-14,Credit Card,2026-07-30 00:07:34.800
199,Keyboard,Computing,6,1059.88,7484.73,Bob Smith,Europe,2024-10-26,PayPal,2026-07-30 00:07:34.800
200,Monitor,Storage,8,597.49,4302.28,Bob Smith,Europe,2025-07-04,Wire Transfer,2026-07-30 00:07:34.800
201,Keyboard,Audio,12,878.28,8896.72,Henry Taylor,Asia Pacific,2024-12-17,Debit Card,2026-07-30 00:07:34.800
202,Laptop,Computing,3,1695.99,17790.52,Irene Clark,Latin America,2026-06-23,PayPal,2026-07-30 00:07:34.800
203,Keyboard,Computing,3,1205.83,8453.30,Irene Clark,Europe,2025-04-01,Credit Card,2026-07-30 00:07:34.800
204,Phone,Accessories,2,1489.82,5595.88,David Brown,Asia Pacific,2025-10-18,PayPal,2026-07-30 00:07:34.800
205,Speaker,Audio,18,666.52,1226.82,Bob Smith,North America,2025-01-17,Cash,2026-07-30 00:07:34.800
206,Phone,Storage,10,1802.27,29826.20,David Brown,Europe,2025-07-22,Cash,2026-07-30 00:07:34.800
207,Monitor,Storage,16,621.10,5037.84,Alice Johnson,Middle East,2026-06-23,Wire Transfer,2026-07-30 00:07:34.800
208,Webcam,Electronics,10,1056.46,2244.42,Grace Lee,Middle East,2025-12-25,Debit Card,2026-07-30 00:07:34.800
209,Headphones,Computing,16,1502.88,9463.00,David Brown,Asia Pacific,2026-03-01,PayPal,2026-07-30 00:07:34.800
210,SSD,Electronics,6,1191.21,16700.10,Alice Johnson,Middle East,2025-03-20,Cash,2026-07-30 00:07:34.800
211,Laptop,Accessories,20,1095.19,3789.93,Alice Johnson,Latin America,2024-10-09,PayPal,2026-07-30 00:07:34.800
212,Phone,Storage,20,699.92,1433.82,Carol White,Asia Pacific,2025-01-03,Credit Card,2026-07-30 00:07:34.800
213,Headphones,Audio,14,1097.31,4087.53,Carol White,North America,2025-08-30,PayPal,2026-07-30 00:07:34.800
214,Keyboard,Computing,20,16.01,9067.50,Frank Wilson,North America,2026-06-17,Wire Transfer,2026-07-30 00:07:34.800
215,Phone,Accessories,1,1827.33,1289.84,Jack Moore,Middle East,2025-09-29,Debit Card,2026-07-30 00:07:34.800
216,Laptop,Accessories,8,1838.28,18012.90,Irene Clark,Middle East,2025-10-16,PayPal,2026-07-30 00:07:34.800
217,Tablet,Storage,2,450.35,34154.59,Emma Davis,Latin America,2025-04-13,Wire Transfer,2026-07-30 00:07:34.800
218,Phone,Accessories,6,1161.12,23643.48,David Brown,Asia Pacific,2024-11-09,Cash,2026-07-30 00:07:34.800
219,Phone,Electronics,10,1931.05,9726.30,Frank Wilson,Middle East,2026-06-05,Credit Card,2026-07-30 00:07:34.800
220,Monitor,Computing,16,1306.77,17902.60,Henry Taylor,Latin America,2024-11-25,Credit Card,2026-07-30 00:07:34.800
221,Mouse,Electronics,15,562.30,3846.64,Frank Wilson,Asia Pacific,2025-03-16,Credit Card,2026-07-30 00:07:34.800
222,Mouse,Audio,7,1766.36,27654.75,Alice Johnson,Europe,2024-09-18,PayPal,2026-07-30 00:07:34.800
223,SSD,Electronics,13,1691.22,3413.84,Emma Davis,North America,2024-10-22,Credit Card,2026-07-30 00:07:34.800
224,Monitor,Accessories,7,1198.04,22987.84,Irene Clark,Asia Pacific,2025-10-16,Cash,2026-07-30 00:07:34.800
225,Webcam,Audio,18,682.80,2312.10,Grace Lee,Latin America,2026-02-15,Debit Card,2026-07-30 00:07:34.800
226,Laptop,Computing,3,449.74,15526.62,Emma Davis,North America,2024-09-12,Cash,2026-07-30 00:07:34.800
227,Headphones,Accessories,14,481.22,28684.64,Frank Wilson,Europe,2024-08-23,Credit Card,2026-07-30 00:07:34.800
228,Monitor,Audio,6,237.37,7837.94,David Brown,Middle East,2024-08-23,Cash,2026-07-30 00:07:34.800
229,Mouse,Computing,20,51.44,11237.25,Grace Lee,Asia Pacific,2025-07-20,PayPal,2026-07-30 00:07:34.800
230,Headphones,Audio,11,1331.73,1784.16,Emma Davis,Middle East,2025-07-27,PayPal,2026-07-30 00:07:34.800
231,Mouse,Storage,16,1622.72,7326.75,Emma Davis,Latin America,2025-04-20,Wire Transfer,2026-07-30 00:07:34.800
232,Monitor,Audio,3,798.78,5201.15,Alice Johnson,Latin America,2024-10-02,PayPal,2026-07-30 00:07:34.800
233,Webcam,Audio,19,357.84,87.00,Grace Lee,Europe,2026-03-02,Cash,2026-07-30 00:07:34.800
234,SSD,Electronics,2,1086.28,1091.40,Jack Moore,Middle East,2024-10-02,Debit Card,2026-07-30 00:07:34.800
235,Headphones,Storage,11,767.04,449.40,Grace Lee,Latin America,2026-02-25,Wire Transfer,2026-07-30 00:07:34.800
236,SSD,Accessories,19,644.39,2272.82,David Brown,Europe,2025-09-26,Cash,2026-07-30 00:07:34.800
237,Mouse,Storage,10,964.79,13058.54,Henry Taylor,Europe,2026-04-10,Wire Transfer,2026-07-30 00:07:34.800
238,Keyboard,Accessories,15,241.55,1162.35,Carol White,North America,2025-05-22,Cash,2026-07-30 00:07:34.800
239,Monitor,Computing,18,781.07,17441.00,Henry Taylor,Asia Pacific,2026-04-26,Wire Transfer,2026-07-30 00:07:34.800
240,Laptop,Audio,11,1765.17,1140.57,Alice Johnson,Latin America,2025-10-12,Debit Card,2026-07-30 00:07:34.800
241,Mouse,Accessories,6,117.08,32396.56,Alice Johnson,Asia Pacific,2024-12-26,PayPal,2026-07-30 00:07:34.800
242,Mouse,Electronics,15,1128.75,23921.00,David Brown,North America,2025-11-04,Cash,2026-07-30 00:07:34.800
243,Headphones,Electronics,15,172.02,15133.20,Alice Johnson,Europe,2024-09-27,Debit Card,2026-07-30 00:07:34.800
244,Keyboard,Electronics,20,1174.07,14883.66,Irene Clark,Europe,2025-10-10,Cash,2026-07-30 00:07:34.800
245,Mouse,Accessories,17,764.32,14928.32,David Brown,Latin America,2026-07-04,Cash,2026-07-30 00:07:34.800
246,Headphones,Audio,2,286.41,9073.80,Bob Smith,Middle East,2024-09-23,Wire Transfer,2026-07-30 00:07:34.800
247,SSD,Electronics,10,1721.68,14280.11,Frank Wilson,Europe,2025-10-06,Credit Card,2026-07-30 00:07:34.800
248,Phone,Storage,13,1329.93,6543.25,Alice Johnson,Asia Pacific,2026-07-30,Debit Card,2026-07-30 00:07:34.800
249,Laptop,Accessories,8,1146.58,21229.88,Bob Smith,Europe,2025-05-05,PayPal,2026-07-30 00:07:34.800
250,Laptop,Electronics,10,1873.06,1833.12,David Brown,North America,2024-08-04,PayPal,2026-07-30 00:07:34.800
251,Webcam,Computing,9,239.18,30167.01,Carol White,Asia Pacific,2024-11-28,PayPal,2026-07-30 00:07:34.800
252,Monitor,Electronics,14,1196.72,25737.60,Alice Johnson,Europe,2024-10-31,Cash,2026-07-30 00:07:34.800
253,SSD,Audio,5,489.62,1170.63,David Brown,Latin America,2025-08-03,Wire Transfer,2026-07-30 00:07:34.800
254,Laptop,Electronics,8,498.73,13812.30,Carol White,Latin America,2025-10-22,Wire Transfer,2026-07-30 00:07:34.800
255,SSD,Accessories,16,934.37,875.40,Bob Smith,Europe,2026-02-07,Credit Card,2026-07-30 00:07:34.800
256,Phone,Computing,12,1472.05,25038.39,Frank Wilson,Europe,2024-12-22,Credit Card,2026-07-30 00:07:34.800
257,Monitor,Audio,19,36.02,18327.76,Grace Lee,Asia Pacific,2024-10-31,PayPal,2026-07-30 00:07:34.800
258,Speaker,Electronics,12,1093.28,1898.57,Henry Taylor,Middle East,2025-01-21,Wire Transfer,2026-07-30 00:07:34.800
259,Mouse,Storage,11,337.72,16750.26,Grace Lee,Europe,2024-10-30,Wire Transfer,2026-07-30 00:07:34.800
260,Headphones,Accessories,3,152.86,19881.60,David Brown,Latin America,2026-07-27,Cash,2026-07-30 00:07:34.800
261,Phone,Storage,20,395.44,15404.32,David Brown,Latin America,2025-01-16,Debit Card,2026-07-30 00:07:34.800
262,Headphones,Accessories,17,145.74,900.62,Henry Taylor,Latin America,2024-12-17,Cash,2026-07-30 00:07:34.800
263,Speaker,Accessories,1,1558.02,271.91,Jack Moore,Latin America,2025-10-04,Credit Card,2026-07-30 00:07:34.800
264,Laptop,Accessories,19,1783.42,16532.84,Alice Johnson,Asia Pacific,2026-05-20,Wire Transfer,2026-07-30 00:07:34.800
265,Speaker,Accessories,10,181.14,16081.44,Alice Johnson,Asia Pacific,2025-03-16,Credit Card,2026-07-30 00:07:34.800
266,Mouse,Storage,11,563.56,5518.38,Bob Smith,Europe,2026-05-06,Wire Transfer,2026-07-30 00:07:34.800
267,Laptop,Audio,2,1704.46,7680.43,Jack Moore,Middle East,2026-01-13,Wire Transfer,2026-07-30 00:07:34.800
268,Keyboard,Computing,18,1845.76,12790.26,Henry Taylor,North America,2025-01-21,Cash,2026-07-30 00:07:34.800
269,Speaker,Computing,13,497.67,6436.88,Jack Moore,Latin America,2025-04-22,Wire Transfer,2026-07-30 00:07:34.800
270,Monitor,Electronics,9,1816.86,1380.10,Grace Lee,Latin America,2026-04-03,Debit Card,2026-07-30 00:07:34.800
271,Tablet,Computing,19,1572.05,9969.80,Irene Clark,Asia Pacific,2026-07-02,Debit Card,2026-07-30 00:07:34.800
272,Phone,Storage,7,1332.42,33089.80,Irene Clark,Europe,2025-04-17,PayPal,2026-07-30 00:07:34.800
273,Phone,Accessories,13,666.51,399.33,David Brown,Latin America,2024-10-24,Wire Transfer,2026-07-30 00:07:34.800
274,SSD,Accessories,11,986.84,1866.52,Carol White,Middle East,2024-12-10,Cash,2026-07-30 00:07:34.800
275,Keyboard,Audio,20,1702.45,12381.78,Frank Wilson,Asia Pacific,2026-07-02,PayPal,2026-07-30 00:07:34.800
276,Phone,Electronics,3,1337.39,12786.30,Bob Smith,Latin America,2025-12-15,PayPal,2026-07-30 00:07:34.800
277,Speaker,Electronics,4,195.63,29337.30,Frank Wilson,Asia Pacific,2025-10-23,Wire Transfer,2026-07-30 00:07:34.800
278,Laptop,Electronics,5,1758.87,18536.31,Frank Wilson,Asia Pacific,2025-02-02,Wire Transfer,2026-07-30 00:07:34.800
279,Keyboard,Audio,4,1942.52,13075.11,Irene Clark,Europe,2026-02-08,PayPal,2026-07-30 00:07:34.800
280,Headphones,Storage,10,1290.34,3992.04,Carol White,Europe,2026-05-04,Debit Card,2026-07-30 00:07:34.800
281,Webcam,Accessories,1,1247.79,5886.42,David Brown,North America,2026-01-21,Credit Card,2026-07-30 00:07:34.800
282,SSD,Audio,7,874.36,24860.60,Grace Lee,Middle East,2025-08-26,Wire Transfer,2026-07-30 00:07:34.800
283,Tablet,Storage,17,850.68,4732.46,Jack Moore,North America,2025-03-06,Credit Card,2026-07-30 00:07:34.800
284,Speaker,Storage,16,1992.24,21481.59,Irene Clark,Latin America,2025-11-25,Debit Card,2026-07-30 00:07:34.800
285,SSD,Storage,9,1743.59,9822.05,Henry Taylor,Europe,2026-01-12,Cash,2026-07-30 00:07:34.800
286,Speaker,Electronics,16,1890.90,2309.30,Henry Taylor,North America,2025-05-07,PayPal,2026-07-30 00:07:34.800
287,Monitor,Electronics,19,101.88,19173.60,David Brown,Asia Pacific,2025-04-29,Credit Card,2026-07-30 00:07:34.800
288,Tablet,Computing,16,1997.45,12670.91,Grace Lee,Europe,2026-03-16,Credit Card,2026-07-30 00:07:34.800
289,Phone,Audio,19,1827.73,3306.16,Henry Taylor,North America,2024-12-22,Debit Card,2026-07-30 00:07:34.800
290,Keyboard,Storage,12,890.49,20023.20,David Brown,Latin America,2024-10-17,Cash,2026-07-30 00:07:34.800
291,Phone,Accessories,19,1873.81,35295.00,David Brown,North America,2025-12-15,Wire Transfer,2026-07-30 00:07:34.800
292,Headphones,Computing,11,620.45,1768.28,Frank Wilson,Asia Pacific,2026-03-15,Wire Transfer,2026-07-30 00:07:34.800
293,Phone,Computing,19,813.60,5974.76,Frank Wilson,Latin America,2026-01-29,PayPal,2026-07-30 00:07:34.800
294,Phone,Audio,2,966.15,36868.20,Grace Lee,Latin America,2024-09-14,PayPal,2026-07-30 00:07:34.800
295,Speaker,Electronics,8,1965.17,11988.90,David Brown,Europe,2026-06-03,Wire Transfer,2026-07-30 00:07:34.800
296,Headphones,Audio,9,1261.34,1578.97,David Brown,Middle East,2024-09-07,Cash,2026-07-30 00:07:34.800
297,Monitor,Accessories,19,1542.21,14401.20,Bob Smith,North America,2024-09-27,PayPal,2026-07-30 00:07:34.800
298,Monitor,Accessories,1,503.57,724.66,Grace Lee,North America,2025-02-17,PayPal,2026-07-30 00:07:34.800
299,Tablet,Audio,18,1277.65,16740.23,Bob Smith,North America,2024-11-24,Wire Transfer,2026-07-30 00:07:34.800
300,Speaker,Computing,14,1105.98,26684.14,David Brown,North America,2026-01-27,PayPal,2026-07-30 00:07:34.800
301,Phone,Electronics,2,1572.47,1092.84,Frank Wilson,Middle East,2026-04-04,Debit Card,2026-07-30 00:07:34.800
302,Keyboard,Audio,5,592.57,20106.40,Emma Davis,Asia Pacific,2025-12-31,PayPal,2026-07-30 00:07:34.800
303,Headphones,Storage,4,38.77,1414.71,Carol White,Latin America,2025-09-20,PayPal,2026-07-30 00:07:34.800
304,Headphones,Computing,19,1697.79,72.55,David Brown,Asia Pacific,2024-12-09,Debit Card,2026-07-30 00:07:34.800
305,SSD,Electronics,19,1341.45,4070.20,Emma Davis,Latin America,2025-08-24,PayPal,2026-07-30 00:07:34.800
306,SSD,Audio,13,968.60,8463.52,Jack Moore,Asia Pacific,2025-11-15,Cash,2026-07-30 00:07:34.800
307,Mouse,Electronics,2,154.88,196.84,Irene Clark,North America,2025-05-29,Credit Card,2026-07-30 00:07:34.800
308,Tablet,Accessories,8,320.75,19204.22,Irene Clark,North America,2024-08-17,PayPal,2026-07-30 00:07:34.800
309,Webcam,Electronics,17,875.17,11076.89,David Brown,Asia Pacific,2025-06-02,PayPal,2026-07-30 00:07:34.800
310,Headphones,Storage,8,1230.68,4813.60,Alice Johnson,Middle East,2024-07-30,Credit Card,2026-07-30 00:07:34.800
311,Keyboard,Computing,15,643.71,27724.48,Frank Wilson,Europe,2024-10-05,Wire Transfer,2026-07-30 00:07:34.800
312,Speaker,Accessories,15,257.53,960.84,Carol White,Europe,2025-01-16,Debit Card,2026-07-30 00:07:34.800
313,Webcam,Electronics,20,1861.52,257.32,Emma Davis,Asia Pacific,2025-08-07,Wire Transfer,2026-07-30 00:07:34.800
314,SSD,Electronics,4,430.47,1200.03,Frank Wilson,Middle East,2024-11-18,PayPal,2026-07-30 00:07:34.800
315,Headphones,Audio,9,925.06,25070.58,Carol White,Middle East,2026-07-13,PayPal,2026-07-30 00:07:34.800
316,Phone,Audio,18,1132.55,27178.07,Bob Smith,North America,2025-07-29,Cash,2026-07-30 00:07:34.800
317,Webcam,Storage,3,94.98,1045.60,Henry Taylor,Latin America,2024-12-24,PayPal,2026-07-30 00:07:34.800
318,Keyboard,Audio,3,362.36,1294.47,Emma Davis,Asia Pacific,2026-01-19,Wire Transfer,2026-07-30 00:07:34.800
319,Laptop,Accessories,12,437.00,8823.55,Henry Taylor,Asia Pacific,2026-04-16,Cash,2026-07-30 00:07:34.800
320,Tablet,Audio,17,52.90,9027.20,David Brown,Europe,2025-10-26,Wire Transfer,2026-07-30 00:07:34.800
321,Webcam,Storage,13,858.35,4265.95,Jack Moore,Europe,2026-07-19,Cash,2026-07-30 00:07:34.800
322,Tablet,Storage,13,1538.90,5479.81,Grace Lee,Europe,2024-09-14,Cash,2026-07-30 00:07:34.800
323,Monitor,Electronics,9,1937.90,8767.08,Bob Smith,Middle East,2026-05-27,Wire Transfer,2026-07-30 00:07:34.800
324,Phone,Electronics,4,1610.02,1649.44,Carol White,Europe,2025-05-02,Cash,2026-07-30 00:07:34.800
325,Headphones,Computing,16,957.76,17765.10,David Brown,Latin America,2026-05-25,Cash,2026-07-30 00:07:34.800
326,Keyboard,Accessories,8,205.72,6576.68,David Brown,Asia Pacific,2026-05-05,PayPal,2026-07-30 00:07:34.800
327,SSD,Storage,14,1995.63,31995.68,Henry Taylor,Latin America,2024-08-30,Wire Transfer,2026-07-30 00:07:34.800
328,Mouse,Computing,10,928.53,2400.60,Alice Johnson,North America,2024-09-29,Credit Card,2026-07-30 00:07:34.800
329,Webcam,Storage,10,61.82,11078.34,Jack Moore,Asia Pacific,2024-08-06,PayPal,2026-07-30 00:07:34.800
330,Webcam,Audio,3,1445.29,11894.10,Frank Wilson,Middle East,2025-08-26,PayPal,2026-07-30 00:07:34.800
331,Phone,Computing,18,1465.94,12151.08,Frank Wilson,Asia Pacific,2025-08-25,Wire Transfer,2026-07-30 00:07:34.800
332,Speaker,Audio,8,1440.99,33259.86,Carol White,North America,2025-07-19,Debit Card,2026-07-30 00:07:34.800
333,Headphones,Computing,2,1092.00,18754.12,David Brown,North America,2026-04-02,Wire Transfer,2026-07-30 00:07:34.800
334,Headphones,Computing,4,543.33,21797.25,Emma Davis,Europe,2026-02-18,Credit Card,2026-07-30 00:07:34.800
335,Monitor,Storage,11,887.54,970.87,Irene Clark,Latin America,2025-04-15,Wire Transfer,2026-07-30 00:07:34.800
336,Tablet,Audio,17,1187.57,1026.05,Emma Davis,Europe,2025-07-20,PayPal,2026-07-30 00:07:34.800
337,Tablet,Electronics,12,676.79,17873.85,Frank Wilson,North America,2026-01-08,PayPal,2026-07-30 00:07:34.800
338,SSD,Audio,12,1870.84,16532.90,Irene Clark,Europe,2025-07-15,PayPal,2026-07-30 00:07:34.800
339,Monitor,Audio,9,495.01,915.36,Irene Clark,Asia Pacific,2025-04-01,Credit Card,2026-07-30 00:07:34.800
340,Laptop,Accessories,4,1112.02,7954.88,Bob Smith,North America,2025-06-29,Debit Card,2026-07-30 00:07:34.800
341,Speaker,Computing,20,1822.50,25541.10,Bob Smith,Europe,2025-04-19,Cash,2026-07-30 00:07:34.800
342,Phone,Electronics,1,1169.97,16743.40,Henry Taylor,Latin America,2025-10-12,Debit Card,2026-07-30 00:07:34.800
343,Tablet,Storage,8,1408.77,7958.52,Grace Lee,Middle East,2026-07-17,Credit Card,2026-07-30 00:07:34.800
344,Phone,Audio,10,1672.62,12831.68,Grace Lee,Europe,2026-03-03,Debit Card,2026-07-30 00:07:34.800
345,Mouse,Accessories,1,454.65,2937.36,Bob Smith,North America,2026-05-25,Credit Card,2026-07-30 00:07:34.800
346,Webcam,Computing,9,502.35,9210.00,Grace Lee,Europe,2026-02-24,Debit Card,2026-07-30 00:07:34.800
347,Keyboard,Storage,19,1098.02,12013.65,Alice Johnson,Latin America,2024-12-11,Cash,2026-07-30 00:07:34.800
348,Laptop,Electronics,2,1392.80,1594.65,David Brown,Europe,2025-08-27,PayPal,2026-07-30 00:07:34.800
349,Headphones,Accessories,2,853.02,10635.04,Frank Wilson,Europe,2026-05-29,PayPal,2026-07-30 00:07:34.800
350,Phone,Accessories,7,1986.25,3911.92,Frank Wilson,North America,2026-04-03,Credit Card,2026-07-30 00:07:34.800
351,Webcam,Computing,10,1994.23,7875.08,Frank Wilson,Europe,2026-05-29,Wire Transfer,2026-07-30 00:07:34.800
352,Webcam,Computing,19,733.57,13644.16,Bob Smith,Asia Pacific,2025-01-26,Wire Transfer,2026-07-30 00:07:34.800
353,Keyboard,Accessories,17,674.18,9813.36,Bob Smith,North America,2024-09-30,Credit Card,2026-07-30 00:07:34.800
354,Headphones,Electronics,9,1174.60,1915.75,Emma Davis,Europe,2026-05-29,PayPal,2026-07-30 00:07:34.800
355,Monitor,Storage,10,1202.71,3948.42,Frank Wilson,Latin America,2025-12-24,Credit Card,2026-07-30 00:07:34.800
356,Mouse,Storage,12,1243.06,6950.76,David Brown,Europe,2024-11-02,Wire Transfer,2026-07-30 00:07:34.800
357,Headphones,Storage,1,1907.52,4211.92,Grace Lee,Latin America,2025-07-26,Cash,2026-07-30 00:07:34.800
358,Speaker,Audio,16,1586.34,1048.80,Jack Moore,North America,2026-03-19,Credit Card,2026-07-30 00:07:34.800
359,Laptop,Storage,18,1847.52,17121.39,Henry Taylor,Asia Pacific,2025-08-06,Wire Transfer,2026-07-30 00:07:34.800
360,Keyboard,Accessories,20,1261.38,9112.75,Carol White,Europe,2026-04-22,Cash,2026-07-30 00:07:34.800
361,SSD,Accessories,10,1072.11,4554.34,Jack Moore,Middle East,2025-09-10,PayPal,2026-07-30 00:07:34.800
362,Speaker,Accessories,7,390.85,19702.08,Alice Johnson,Latin America,2024-11-17,Wire Transfer,2026-07-30 00:07:34.800
363,SSD,Electronics,20,1697.85,19399.50,Bob Smith,North America,2026-04-18,PayPal,2026-07-30 00:07:34.800
364,Laptop,Audio,11,1600.72,8457.00,Henry Taylor,Europe,2024-10-28,Credit Card,2026-07-30 00:07:34.800
365,Monitor,Storage,7,1732.48,23930.28,Alice Johnson,Asia Pacific,2025-08-09,Debit Card,2026-07-30 00:07:34.800
366,Phone,Computing,5,747.24,488.94,Jack Moore,Latin America,2025-12-13,Credit Card,2026-07-30 00:07:34.800
367,Phone,Accessories,10,709.40,11977.44,David Brown,North America,2026-06-28,Cash,2026-07-30 00:07:34.800
368,Headphones,Accessories,14,1009.79,20347.56,Bob Smith,Asia Pacific,2026-03-14,Wire Transfer,2026-07-30 00:07:34.800
369,Laptop,Electronics,6,1086.49,1806.20,Henry Taylor,Europe,2026-05-31,Debit Card,2026-07-30 00:07:34.800
370,Phone,Accessories,19,1789.66,23728.60,Irene Clark,Asia Pacific,2024-12-06,Wire Transfer,2026-07-30 00:07:34.800
371,Mouse,Audio,1,304.17,34922.38,Henry Taylor,North America,2025-08-21,PayPal,2026-07-30 00:07:34.800
372,Mouse,Computing,3,672.61,5060.44,Grace Lee,North America,2026-04-12,Cash,2026-07-30 00:07:34.800
373,Phone,Storage,18,195.46,4668.03,Alice Johnson,Asia Pacific,2025-10-21,Debit Card,2026-07-30 00:07:34.800
374,Laptop,Electronics,19,1227.34,15984.81,Grace Lee,Europe,2025-03-10,Debit Card,2026-07-30 00:07:34.800
375,Keyboard,Audio,4,506.33,3050.56,Bob Smith,Asia Pacific,2025-11-14,Cash,2026-07-30 00:07:34.800
376,Phone,Electronics,2,1234.14,6116.40,Grace Lee,Asia Pacific,2024-09-08,Credit Card,2026-07-30 00:07:34.800
377,Monitor,Audio,10,1273.93,13358.72,Frank Wilson,Latin America,2025-02-26,Wire Transfer,2026-07-30 00:07:34.800
378,Monitor,Storage,12,1868.19,9374.05,Carol White,North America,2026-07-15,Credit Card,2026-07-30 00:07:34.800
379,Mouse,Accessories,11,1266.74,7548.16,David Brown,Middle East,2025-10-05,Wire Transfer,2026-07-30 00:07:34.800
380,Monitor,Audio,2,171.50,605.04,Henry Taylor,North America,2026-05-04,PayPal,2026-07-30 00:07:34.800
381,Monitor,Accessories,8,816.39,32495.20,Grace Lee,Europe,2025-01-29,Debit Card,2026-07-30 00:07:34.800
382,Mouse,Computing,1,1921.46,5020.83,Henry Taylor,Asia Pacific,2026-04-03,PayPal,2026-07-30 00:07:34.800
383,Phone,Accessories,3,117.31,23096.19,Grace Lee,Europe,2025-08-06,Credit Card,2026-07-30 00:07:34.800
384,Keyboard,Storage,5,366.37,2806.30,Henry Taylor,Europe,2026-04-30,Wire Transfer,2026-07-30 00:07:34.800
385,Speaker,Electronics,19,1097.88,5948.18,Carol White,North America,2026-02-02,Debit Card,2026-07-30 00:07:34.800
386,SSD,Accessories,10,510.66,6252.72,Alice Johnson,Middle East,2026-01-06,Wire Transfer,2026-07-30 00:07:34.800
387,Speaker,Storage,14,1001.04,7072.86,Frank Wilson,North America,2025-07-28,Wire Transfer,2026-07-30 00:07:34.800
388,Phone,Audio,1,1849.20,2639.44,Henry Taylor,Europe,2024-10-16,Credit Card,2026-07-30 00:07:34.800
389,Monitor,Computing,10,828.51,1629.80,Emma Davis,Middle East,2025-07-21,PayPal,2026-07-30 00:07:34.800
390,Keyboard,Electronics,10,472.32,1518.32,Irene Clark,Asia Pacific,2025-10-24,Credit Card,2026-07-30 00:07:34.800
391,Phone,Storage,18,1692.05,17002.00,Alice Johnson,Latin America,2026-01-17,Cash,2026-07-30 00:07:34.800
392,Speaker,Storage,20,1390.96,3945.75,Henry Taylor,Middle East,2026-07-21,Wire Transfer,2026-07-30 00:07:34.800
393,Monitor,Computing,12,1336.35,1657.04,Frank Wilson,Middle East,2025-05-23,Wire Transfer,2026-07-30 00:07:34.800
394,SSD,Storage,16,1383.74,13119.40,David Brown,Europe,2024-12-29,Wire Transfer,2026-07-30 00:07:34.800
395,Speaker,Computing,9,593.65,19173.30,Henry Taylor,Middle East,2025-03-18,Cash,2026-07-30 00:07:34.800
396,Tablet,Storage,4,855.73,1640.20,Jack Moore,Europe,2025-02-21,PayPal,2026-07-30 00:07:34.800
397,Keyboard,Audio,20,1382.03,20782.39,Alice Johnson,Europe,2024-09-27,Credit Card,2026-07-30 00:07:34.800
398,Speaker,Accessories,9,1677.52,6897.65,Irene Clark,Europe,2024-12-06,Credit Card,2026-07-30 00:07:34.800
399,Monitor,Computing,9,777.54,30357.06,Emma Davis,Middle East,2025-08-22,PayPal,2026-07-30 00:07:34.800
400,Monitor,Computing,4,1823.25,100.40,Grace Lee,Asia Pacific,2025-05-09,Wire Transfer,2026-07-30 00:07:34.800
401,Phone,Audio,7,1533.71,2251.16,Grace Lee,Latin America,2025-11-22,Debit Card,2026-07-30 00:07:34.800
402,Monitor,Computing,15,1244.07,21077.16,Henry Taylor,Asia Pacific,2024-09-17,Wire Transfer,2026-07-30 00:07:34.800
403,Webcam,Storage,1,1231.40,6483.84,Bob Smith,Middle East,2024-10-08,Debit Card,2026-07-30 00:07:34.800
404,Laptop,Accessories,20,853.96,7943.91,Grace Lee,Asia Pacific,2025-10-17,Debit Card,2026-07-30 00:07:34.800
405,Phone,Electronics,9,818.39,16130.14,Irene Clark,Latin America,2025-07-15,Wire Transfer,2026-07-30 00:07:34.800
406,Speaker,Accessories,5,580.72,4456.98,Alice Johnson,Asia Pacific,2026-01-29,Credit Card,2026-07-30 00:07:34.800
407,Tablet,Computing,5,402.70,5778.06,Alice Johnson,Asia Pacific,2025-12-29,Credit Card,2026-07-30 00:07:34.800
408,Keyboard,Computing,6,399.43,3620.12,Emma Davis,Middle East,2025-03-15,Wire Transfer,2026-07-30 00:07:34.800
409,Keyboard,Accessories,1,868.02,22517.40,Grace Lee,North America,2025-03-17,Debit Card,2026-07-30 00:07:34.800
410,Phone,Accessories,17,1182.23,12089.74,Jack Moore,Europe,2026-05-11,PayPal,2026-07-30 00:07:34.800
411,SSD,Electronics,13,1630.87,2189.36,Irene Clark,Middle East,2026-02-22,PayPal,2026-07-30 00:07:34.800
412,Phone,Audio,4,747.02,16536.96,Bob Smith,Europe,2026-06-25,PayPal,2026-07-30 00:07:34.800
413,Mouse,Audio,17,1378.71,12192.46,Bob Smith,Middle East,2024-12-27,Debit Card,2026-07-30 00:07:34.800
414,Keyboard,Storage,6,975.01,2990.80,Emma Davis,North America,2026-04-10,Debit Card,2026-07-30 00:07:34.800
415,SSD,Computing,10,846.83,32235.00,Alice Johnson,Latin America,2025-04-10,Debit Card,2026-07-30 00:07:34.800
416,Mouse,Electronics,17,765.89,39058.20,Jack Moore,North America,2025-10-23,Wire Transfer,2026-07-30 00:07:34.800
417,Laptop,Accessories,12,1237.86,4269.78,Henry Taylor,North America,2025-03-09,Credit Card,2026-07-30 00:07:34.800
418,Keyboard,Computing,18,1912.43,18998.72,Emma Davis,North America,2025-03-27,Cash,2026-07-30 00:07:34.800
419,Monitor,Audio,3,25.04,3315.32,Emma Davis,Asia Pacific,2025-05-24,Wire Transfer,2026-07-30 00:07:34.800
420,Tablet,Computing,6,1731.10,1387.12,Emma Davis,Latin America,2026-05-10,Wire Transfer,2026-07-30 00:07:34.800
421,Monitor,Computing,20,505.15,5357.43,Carol White,Asia Pacific,2026-07-04,Cash,2026-07-30 00:07:34.800
422,Phone,Audio,19,776.08,3385.38,Jack Moore,Asia Pacific,2025-03-10,Credit Card,2026-07-30 00:07:34.800
423,Monitor,Audio,7,1612.07,7324.20,Alice Johnson,Europe,2024-10-14,Cash,2026-07-30 00:07:34.800
424,Mouse,Electronics,8,914.57,813.10,Carol White,Latin America,2026-07-23,Cash,2026-07-30 00:07:34.800
425,Keyboard,Storage,13,1443.82,8234.16,Jack Moore,Asia Pacific,2026-01-13,PayPal,2026-07-30 00:07:34.800
426,Webcam,Audio,9,460.58,6543.00,Carol White,Asia Pacific,2025-11-07,Cash,2026-07-30 00:07:34.800
427,SSD,Accessories,4,943.84,9479.10,David Brown,North America,2025-07-15,PayPal,2026-07-30 00:07:34.800
428,Speaker,Electronics,20,282.68,1415.54,Irene Clark,North America,2025-08-27,Credit Card,2026-07-30 00:07:34.800
429,Laptop,Accessories,6,1118.96,16633.44,Emma Davis,North America,2025-01-26,Cash,2026-07-30 00:07:34.800
430,Speaker,Computing,10,1623.33,27055.20,Henry Taylor,North America,2025-09-03,Credit Card,2026-07-30 00:07:34.800
431,Tablet,Audio,2,484.35,17058.48,Bob Smith,Asia Pacific,2025-01-22,Debit Card,2026-07-30 00:07:34.800
432,SSD,Storage,20,1665.38,7082.72,Frank Wilson,Middle East,2025-01-09,Debit Card,2026-07-30 00:07:34.800
433,Headphones,Audio,11,1071.59,4678.96,Henry Taylor,North America,2025-04-23,Credit Card,2026-07-30 00:07:34.800
434,SSD,Electronics,14,1642.35,14039.68,Emma Davis,Middle East,2025-07-14,Debit Card,2026-07-30 00:07:34.800
435,Tablet,Storage,11,1042.37,22729.68,Grace Lee,Middle East,2025-06-28,Debit Card,2026-07-30 00:07:34.800
436,Tablet,Electronics,16,1323.93,8520.70,Emma Davis,Middle East,2026-06-30,PayPal,2026-07-30 00:07:34.800
437,Speaker,Computing,19,232.28,39921.60,Bob Smith,Latin America,2025-09-25,Cash,2026-07-30 00:07:34.800
438,Keyboard,Computing,16,1901.48,19974.40,Emma Davis,Europe,2026-07-05,Wire Transfer,2026-07-30 00:07:34.800
439,Speaker,Computing,15,1049.71,19178.72,Carol White,Middle East,2024-08-28,Cash,2026-07-30 00:07:34.800
440,SSD,Electronics,5,1853.73,3915.18,Frank Wilson,Middle East,2026-06-29,Wire Transfer,2026-07-30 00:07:34.800
441,Phone,Electronics,6,1263.43,6282.32,Bob Smith,Latin America,2026-06-26,Credit Card,2026-07-30 00:07:34.800
442,Headphones,Storage,1,1146.10,2995.80,Henry Taylor,Europe,2025-01-13,PayPal,2026-07-30 00:07:34.800
443,Speaker,Computing,13,1277.83,25426.98,Emma Davis,Europe,2024-08-24,Credit Card,2026-07-30 00:07:34.800
444,Speaker,Audio,3,1903.61,7130.13,Alice Johnson,North America,2024-11-14,PayPal,2026-07-30 00:07:34.800
445,Webcam,Storage,19,1348.45,6542.16,Bob Smith,Latin America,2026-03-31,Debit Card,2026-07-30 00:07:34.800
446,Headphones,Accessories,6,1394.04,8335.60,David Brown,Middle East,2025-11-11,Debit Card,2026-07-30 00:07:34.800
447,Monitor,Computing,8,405.93,7761.71,David Brown,Middle East,2026-03-05,Credit Card,2026-07-30 00:07:34.800
448,Mouse,Audio,6,536.12,7854.42,Henry Taylor,Asia Pacific,2025-07-09,Wire Transfer,2026-07-30 00:07:34.800
449,Keyboard,Computing,6,355.79,6991.80,Frank Wilson,Latin America,2025-03-09,PayPal,2026-07-30 00:07:34.800
450,Keyboard,Computing,17,67.29,10219.58,Emma Davis,Europe,2025-05-17,PayPal,2026-07-30 00:07:34.800
451,SSD,Computing,13,380.70,15237.56,Frank Wilson,Middle East,2024-09-09,Debit Card,2026-07-30 00:07:34.800
452,Mouse,Accessories,11,453.61,5703.60,Alice Johnson,Europe,2026-04-26,PayPal,2026-07-30 00:07:34.800
453,Speaker,Electronics,9,868.50,5397.00,Jack Moore,Asia Pacific,2025-06-22,Wire Transfer,2026-07-30 00:07:34.800
454,Monitor,Computing,9,1547.28,13948.92,Carol White,Europe,2025-06-07,Debit Card,2026-07-30 00:07:34.800
455,Phone,Storage,8,140.29,22796.67,Henry Taylor,North America,2024-09-12,PayPal,2026-07-30 00:07:34.800
456,Laptop,Computing,12,20.98,4633.48,David Brown,Latin America,2026-06-08,Debit Card,2026-07-30 00:07:34.800
457,Phone,Electronics,8,1411.63,9907.56,Frank Wilson,North America,2026-02-26,Wire Transfer,2026-07-30 00:07:34.800
458,Laptop,Storage,13,710.95,4404.20,Jack Moore,North America,2025-04-03,Cash,2026-07-30 00:07:34.800
459,Webcam,Accessories,17,24.35,8284.32,Henry Taylor,Latin America,2025-07-18,PayPal,2026-07-30 00:07:34.800
460,Laptop,Accessories,16,531.49,23830.94,Frank Wilson,Latin America,2025-05-10,Cash,2026-07-30 00:07:34.800
461,Speaker,Accessories,1,1299.37,1267.70,Henry Taylor,North America,2026-07-02,Debit Card,2026-07-30 00:07:34.800
462,Phone,Computing,1,1683.75,1811.04,Irene Clark,Latin America,2024-08-11,Wire Transfer,2026-07-30 00:07:34.800
463,Monitor,Storage,15,42.60,5100.08,Jack Moore,Europe,2025-11-26,PayPal,2026-07-30 00:07:34.800
464,Mouse,Electronics,18,1186.50,8947.86,David Brown,Middle East,2024-08-15,Debit Card,2026-07-30 00:07:34.800
465,Laptop,Electronics,2,677.13,963.36,Frank Wilson,Middle East,2025-02-16,Cash,2026-07-30 00:07:34.800
466,Headphones,Accessories,13,1333.61,21558.16,Irene Clark,Asia Pacific,2024-11-21,PayPal,2026-07-30 00:07:34.800
467,Monitor,Audio,6,1787.82,14668.29,Alice Johnson,Europe,2025-09-06,PayPal,2026-07-30 00:07:34.800
468,Keyboard,Computing,1,193.59,24738.42,Jack Moore,Asia Pacific,2025-04-23,Cash,2026-07-30 00:07:34.800
469,Monitor,Electronics,10,1981.89,19216.63,Jack Moore,Asia Pacific,2026-01-06,PayPal,2026-07-30 00:07:34.800
470,Tablet,Computing,15,1269.50,10297.98,David Brown,Europe,2025-11-15,Debit Card,2026-07-30 00:07:34.800
471,Webcam,Audio,8,1360.57,26236.95,Jack Moore,Asia Pacific,2024-11-08,Wire Transfer,2026-07-30 00:07:34.800
472,SSD,Electronics,19,186.76,4932.40,Jack Moore,North America,2024-10-18,Cash,2026-07-30 00:07:34.800
473,Mouse,Storage,8,750.40,28463.40,Irene Clark,Latin America,2025-09-27,PayPal,2026-07-30 00:07:34.800
474,Webcam,Electronics,2,808.97,7474.67,Bob Smith,Middle East,2024-12-14,Wire Transfer,2026-07-30 00:07:34.800
475,Mouse,Electronics,4,768.05,5980.72,Bob Smith,Europe,2025-12-09,Debit Card,2026-07-30 00:07:34.800
476,Headphones,Electronics,2,1413.60,25391.00,Grace Lee,Europe,2025-08-28,Credit Card,2026-07-30 00:07:34.800
477,Speaker,Accessories,20,690.83,19161.96,Emma Davis,Middle East,2025-06-27,PayPal,2026-07-30 00:07:34.800
478,Speaker,Computing,10,1951.24,14308.80,Carol White,Middle East,2026-03-28,Credit Card,2026-07-30 00:07:34.800
479,Mouse,Storage,12,1449.62,27516.48,Frank Wilson,Middle East,2025-12-02,Wire Transfer,2026-07-30 00:07:34.800
480,Webcam,Storage,20,832.03,19621.94,Bob Smith,Europe,2025-04-14,Wire Transfer,2026-07-30 00:07:34.800
481,Laptop,Audio,7,1994.51,4792.92,Grace Lee,Europe,2024-09-26,Wire Transfer,2026-07-30 00:07:34.800
482,Laptop,Storage,2,1985.49,16415.20,Grace Lee,Asia Pacific,2026-04-24,Credit Card,2026-07-30 00:07:34.800
483,Speaker,Electronics,8,44.02,714.92,Frank Wilson,Latin America,2026-01-07,Wire Transfer,2026-07-30 00:07:34.800
484,Tablet,Storage,18,439.10,24159.60,Grace Lee,Asia Pacific,2026-04-18,PayPal,2026-07-30 00:07:34.800
485,Speaker,Storage,7,1726.17,3687.56,Jack Moore,Asia Pacific,2025-03-11,Wire Transfer,2026-07-30 00:07:34.800
486,Mouse,Electronics,11,1971.91,18511.35,Henry Taylor,Asia Pacific,2026-01-06,Cash,2026-07-30 00:07:34.800
487,Monitor,Accessories,1,1205.47,12875.67,Jack Moore,Middle East,2025-02-14,Cash,2026-07-30 00:07:34.800
488,Speaker,Accessories,12,45.12,1892.72,Emma Davis,North America,2024-09-28,Wire Transfer,2026-07-30 00:07:34.800
489,Monitor,Computing,9,1369.18,11174.52,Emma Davis,Asia Pacific,2026-02-18,Debit Card,2026-07-30 00:07:34.800
490,Phone,Storage,12,1090.82,10844.40,Carol White,Middle East,2024-12-23,Cash,2026-07-30 00:07:34.800
491,Webcam,Computing,15,1227.46,21590.58,Henry Taylor,Europe,2025-05-27,Debit Card,2026-07-30 00:07:34.800
492,Keyboard,Accessories,4,599.67,10268.34,Alice Johnson,North America,2024-11-29,Wire Transfer,2026-07-30 00:07:34.800
493,Headphones,Audio,5,1288.53,4710.30,Alice Johnson,Middle East,2025-04-27,Wire Transfer,2026-07-30 00:07:34.800
494,Keyboard,Electronics,16,726.71,5016.36,Bob Smith,Latin America,2025-02-05,Cash,2026-07-30 00:07:34.800
495,Tablet,Computing,3,241.86,30070.73,Emma Davis,Asia Pacific,2025-07-21,Wire Transfer,2026-07-30 00:07:34.800
496,Monitor,Storage,3,516.64,1191.28,Alice Johnson,Europe,2026-01-04,PayPal,2026-07-30 00:07:34.800
497,Headphones,Computing,18,939.63,12908.76,Irene Clark,Asia Pacific,2026-07-14,Credit Card,2026-07-30 00:07:34.800
498,Monitor,Accessories,12,718.98,15665.60,Grace Lee,Latin America,2025-11-24,Wire Transfer,2026-07-30 00:07:34.800
499,Mouse,Electronics,15,315.68,12350.00,Irene Clark,Latin America,2025-03-09,Debit Card,2026-07-30 00:07:34.800
500,Tablet,Computing,3,1620.93,2716.92,Carol White,Europe,2026-05-06,PayPal,2026-07-30 00:07:34.800
501,Laptop,Accessories,10,886.84,67.88,Grace Lee,Latin America,2026-05-18,Wire Transfer,2026-07-30 00:07:34.800
502,Speaker,Computing,11,526.31,12074.76,Carol White,Latin America,2024-08-18,Cash,2026-07-30 00:07:34.800
503,Mouse,Electronics,2,1375.44,7191.94,Irene Clark,Europe,2025-09-19,Wire Transfer,2026-07-30 00:07:34.800
504,Monitor,Computing,15,1077.42,77.76,Grace Lee,Europe,2025-12-15,Debit Card,2026-07-30 00:07:34.800
505,Laptop,Accessories,19,1350.30,14294.56,Alice Johnson,Latin America,2026-05-15,Debit Card,2026-07-30 00:07:34.800
506,Speaker,Accessories,8,413.78,1349.46,Jack Moore,Europe,2024-08-21,PayPal,2026-07-30 00:07:34.800
507,Keyboard,Computing,10,1974.36,28531.95,Alice Johnson,Europe,2026-06-22,Credit Card,2026-07-30 00:07:34.800
508,Mouse,Accessories,14,1527.56,17125.38,Irene Clark,Middle East,2024-08-18,Cash,2026-07-30 00:07:34.800
509,SSD,Accessories,19,1169.48,1255.40,Carol White,Middle East,2025-09-12,Cash,2026-07-30 00:07:34.800
510,Monitor,Accessories,18,499.01,1226.83,Henry Taylor,Asia Pacific,2025-10-10,Cash,2026-07-30 00:07:34.800
511,Headphones,Storage,9,625.93,2225.52,Frank Wilson,North America,2026-03-29,PayPal,2026-07-30 00:07:34.800
512,Tablet,Audio,9,179.30,7159.50,Irene Clark,Latin America,2025-03-01,Wire Transfer,2026-07-30 00:07:34.800
513,Webcam,Accessories,10,23.29,9063.60,Jack Moore,Asia Pacific,2025-12-10,Cash,2026-07-30 00:07:34.800
514,Phone,Electronics,14,1411.06,6569.04,Jack Moore,North America,2026-03-23,Credit Card,2026-07-30 00:07:34.800
515,Speaker,Computing,10,606.58,32355.72,Bob Smith,Middle East,2025-03-27,Debit Card,2026-07-30 00:07:34.800
516,Speaker,Accessories,9,1220.75,9297.60,Frank Wilson,Latin America,2025-02-11,Wire Transfer,2026-07-30 00:07:34.800
517,Speaker,Accessories,7,835.23,3522.40,Jack Moore,Latin America,2025-01-19,Cash,2026-07-30 00:07:34.800
518,Keyboard,Accessories,12,1400.06,4037.07,Grace Lee,Latin America,2024-11-27,Wire Transfer,2026-07-30 00:07:34.800
519,SSD,Accessories,4,1108.78,11853.00,Bob Smith,North America,2026-02-25,Wire Transfer,2026-07-30 00:07:34.800
520,SSD,Storage,16,83.06,6663.30,Jack Moore,Latin America,2024-09-03,PayPal,2026-07-30 00:07:34.800
521,Monitor,Storage,5,1308.47,6817.90,Grace Lee,North America,2024-08-28,Wire Transfer,2026-07-30 00:07:34.800
522,Speaker,Storage,2,1268.80,19820.90,Grace Lee,Asia Pacific,2025-07-20,Debit Card,2026-07-30 00:07:34.800
523,Laptop,Accessories,5,760.30,8910.89,Frank Wilson,Europe,2024-09-09,PayPal,2026-07-30 00:07:34.800
524,Speaker,Audio,14,1790.87,23027.22,Frank Wilson,Middle East,2024-09-25,Cash,2026-07-30 00:07:34.800
525,Phone,Electronics,18,583.72,17149.86,Alice Johnson,Europe,2026-02-05,Debit Card,2026-07-30 00:07:34.800
526,Headphones,Accessories,17,1820.34,1363.90,Frank Wilson,Europe,2025-10-31,PayPal,2026-07-30 00:07:34.800
527,Webcam,Storage,13,1621.74,5005.25,Irene Clark,Europe,2026-01-13,PayPal,2026-07-30 00:07:34.800
528,Keyboard,Computing,12,720.42,17365.68,Bob Smith,Middle East,2025-10-19,Wire Transfer,2026-07-30 00:07:34.800
529,Headphones,Audio,6,1574.50,3437.46,Bob Smith,Middle East,2025-08-20,Credit Card,2026-07-30 00:07:34.800
530,Speaker,Storage,5,1212.26,1971.83,Frank Wilson,Asia Pacific,2024-11-02,Cash,2026-07-30 00:07:34.800
531,Speaker,Accessories,20,1905.55,6010.34,Carol White,Latin America,2025-10-26,PayPal,2026-07-30 00:07:34.800
532,Phone,Audio,6,693.66,2759.54,Irene Clark,Asia Pacific,2026-05-28,Debit Card,2026-07-30 00:07:34.800
533,Headphones,Storage,17,207.29,681.57,David Brown,North America,2024-10-10,Cash,2026-07-30 00:07:34.800
534,Speaker,Audio,13,25.22,510.75,Jack Moore,Asia Pacific,2026-07-28,Wire Transfer,2026-07-30 00:07:34.800
535,Headphones,Audio,6,1394.22,9254.10,Henry Taylor,Middle East,2026-03-13,Debit Card,2026-07-30 00:07:34.800
536,Mouse,Electronics,8,518.15,4072.68,Frank Wilson,Middle East,2025-03-03,Wire Transfer,2026-07-30 00:07:34.800
537,Monitor,Audio,17,187.43,8364.35,Alice Johnson,Asia Pacific,2025-06-20,Wire Transfer,2026-07-30 00:07:34.800
538,Laptop,Electronics,8,790.36,20367.84,Alice Johnson,Latin America,2024-08-29,Credit Card,2026-07-30 00:07:34.800
539,SSD,Computing,2,154.05,28964.17,David Brown,Middle East,2024-10-10,Credit Card,2026-07-30 00:07:34.800
540,Webcam,Storage,7,924.09,11251.84,Bob Smith,Europe,2025-06-24,Credit Card,2026-07-30 00:07:34.800
541,Headphones,Storage,16,223.13,25186.08,Carol White,Middle East,2026-02-05,PayPal,2026-07-30 00:07:34.800
542,Phone,Electronics,11,1804.63,2268.60,Frank Wilson,Latin America,2026-04-13,Cash,2026-07-30 00:07:34.800
543,Phone,Accessories,9,828.55,10110.80,Bob Smith,Middle East,2026-05-03,Debit Card,2026-07-30 00:07:34.800
544,Headphones,Accessories,7,1957.26,4541.32,Frank Wilson,Europe,2026-01-03,PayPal,2026-07-30 00:07:34.800
545,Phone,Computing,14,191.86,5621.16,Carol White,Asia Pacific,2024-10-04,Credit Card,2026-07-30 00:07:34.800
546,Phone,Electronics,8,1366.00,6048.12,Frank Wilson,Asia Pacific,2026-07-20,Credit Card,2026-07-30 00:07:34.800
547,Phone,Electronics,14,1495.88,17550.12,Frank Wilson,Europe,2025-02-13,Credit Card,2026-07-30 00:07:34.800
548,Phone,Audio,5,518.99,1575.84,Carol White,Latin America,2026-06-06,Wire Transfer,2026-07-30 00:07:34.800
549,Monitor,Electronics,19,1107.99,11376.68,Bob Smith,Europe,2026-03-04,Credit Card,2026-07-30 00:07:34.800
550,Webcam,Accessories,13,787.28,1269.12,Frank Wilson,Asia Pacific,2025-07-18,Cash,2026-07-30 00:07:34.800
551,Keyboard,Audio,9,158.09,1614.98,Alice Johnson,Europe,2024-10-14,Cash,2026-07-30 00:07:34.800
552,Speaker,Computing,17,1747.26,20581.68,Henry Taylor,Asia Pacific,2024-10-15,Cash,2026-07-30 00:07:34.800
553,Webcam,Computing,11,614.57,5992.95,Frank Wilson,Asia Pacific,2026-02-27,Debit Card,2026-07-30 00:07:34.800
554,Tablet,Audio,11,72.90,1938.00,David Brown,Europe,2025-05-16,PayPal,2026-07-30 00:07:34.800
555,Monitor,Audio,5,1376.79,7643.30,Henry Taylor,Middle East,2025-08-12,Cash,2026-07-30 00:07:34.800
556,Webcam,Audio,4,972.05,5167.20,Alice Johnson,Europe,2025-02-08,Debit Card,2026-07-30 00:07:34.800
557,Speaker,Accessories,13,1885.65,13135.52,Emma Davis,Europe,2025-11-08,PayPal,2026-07-30 00:07:34.800
558,Monitor,Computing,14,1452.13,12575.99,David Brown,Asia Pacific,2025-08-31,Credit Card,2026-07-30 00:07:34.800
559,Tablet,Computing,7,622.93,9702.35,David Brown,Europe,2026-02-22,Wire Transfer,2026-07-30 00:07:34.800
560,Laptop,Audio,7,405.27,31709.60,Frank Wilson,North America,2025-07-06,PayPal,2026-07-30 00:07:34.800
561,Keyboard,Computing,8,832.53,6879.46,Carol White,North America,2025-10-06,PayPal,2026-07-30 00:07:34.800
562,Keyboard,Accessories,13,577.13,13678.50,Alice Johnson,Europe,2024-09-29,Wire Transfer,2026-07-30 00:07:34.800
563,Webcam,Storage,7,1072.92,4406.94,Frank Wilson,North America,2025-01-11,Wire Transfer,2026-07-30 00:07:34.800
564,Speaker,Electronics,2,1481.59,2992.53,Carol White,Europe,2025-07-18,PayPal,2026-07-30 00:07:34.800
565,Keyboard,Computing,5,1653.94,6791.00,Henry Taylor,Latin America,2025-09-09,Cash,2026-07-30 00:07:34.800
566,Tablet,Computing,19,1542.84,8286.00,Bob Smith,North America,2026-01-19,Cash,2026-07-30 00:07:34.800
567,Webcam,Storage,14,354.87,5939.76,Irene Clark,Latin America,2025-10-23,Credit Card,2026-07-30 00:07:34.800
568,SSD,Accessories,10,1797.73,14557.60,Carol White,Asia Pacific,2026-05-09,Credit Card,2026-07-30 00:07:34.800
569,Keyboard,Accessories,7,1351.78,1036.80,Henry Taylor,Asia Pacific,2025-06-22,Credit Card,2026-07-30 00:07:34.800
570,Tablet,Electronics,12,400.77,10871.76,Irene Clark,Asia Pacific,2025-01-30,PayPal,2026-07-30 00:07:34.800
571,Tablet,Audio,8,434.29,14444.46,Carol White,Middle East,2025-03-28,Debit Card,2026-07-30 00:07:34.800
572,Laptop,Electronics,3,475.34,12758.24,Henry Taylor,Middle East,2026-06-24,PayPal,2026-07-30 00:07:34.800
573,Keyboard,Storage,15,537.17,15470.91,David Brown,Middle East,2024-08-08,Debit Card,2026-07-30 00:07:34.800
574,Monitor,Computing,13,1214.32,2271.71,Carol White,Latin America,2026-03-29,Debit Card,2026-07-30 00:07:34.800
575,Headphones,Accessories,9,472.39,18446.20,Frank Wilson,Middle East,2026-01-30,Wire Transfer,2026-07-30 00:07:34.800
576,Monitor,Storage,5,561.94,38907.60,Irene Clark,Asia Pacific,2024-12-18,Wire Transfer,2026-07-30 00:07:34.800
577,Laptop,Storage,9,1062.58,1965.87,Henry Taylor,North America,2026-02-04,Debit Card,2026-07-30 00:07:34.800
578,Speaker,Computing,2,835.15,36327.24,Carol White,Asia Pacific,2026-01-25,Wire Transfer,2026-07-30 00:07:34.800
579,Monitor,Electronics,15,726.08,7939.17,Alice Johnson,Asia Pacific,2025-01-23,Cash,2026-07-30 00:07:34.800
580,Speaker,Storage,2,551.61,14668.08,Henry Taylor,Europe,2025-12-25,Debit Card,2026-07-30 00:07:34.800
581,Speaker,Storage,16,301.62,7391.20,Frank Wilson,Middle East,2026-07-25,Wire Transfer,2026-07-30 00:07:34.800
582,Laptop,Storage,8,80.53,16371.17,Henry Taylor,North America,2025-02-03,Cash,2026-07-30 00:07:34.800
583,Laptop,Computing,14,1191.69,1661.82,Frank Wilson,Latin America,2025-06-22,Wire Transfer,2026-07-30 00:07:34.800
584,SSD,Accessories,10,1716.79,25340.51,Emma Davis,North America,2025-10-04,PayPal,2026-07-30 00:07:34.800
585,Webcam,Accessories,1,1722.98,4197.60,Alice Johnson,Latin America,2025-04-18,Credit Card,2026-07-30 00:07:34.800
586,SSD,Electronics,13,1208.89,3547.59,Emma Davis,Asia Pacific,2025-09-14,Credit Card,2026-07-30 00:07:34.800
587,Headphones,Accessories,18,206.88,431.22,Bob Smith,Asia Pacific,2026-07-23,PayPal,2026-07-30 00:07:34.800
588,Webcam,Audio,16,70.79,26259.39,Emma Davis,Middle East,2024-11-05,PayPal,2026-07-30 00:07:34.800
589,Monitor,Storage,8,203.15,9132.97,David Brown,Latin America,2024-09-10,Cash,2026-07-30 00:07:34.800
590,Headphones,Computing,7,1731.20,1703.76,Henry Taylor,Latin America,2026-02-16,Credit Card,2026-07-30 00:07:34.800
591,Phone,Audio,15,767.93,10815.14,Alice Johnson,Latin America,2025-02-14,Wire Transfer,2026-07-30 00:07:34.800
592,Mouse,Computing,4,1427.86,1303.00,Frank Wilson,Asia Pacific,2025-06-25,Cash,2026-07-30 00:07:34.800
593,Tablet,Audio,6,617.67,25245.44,Grace Lee,Europe,2025-05-26,Debit Card,2026-07-30 00:07:34.800
594,SSD,Electronics,19,717.57,36166.88,Alice Johnson,North America,2025-08-02,PayPal,2026-07-30 00:07:34.800
595,Monitor,Accessories,13,141.48,5846.62,Alice Johnson,Asia Pacific,2025-04-20,Cash,2026-07-30 00:07:34.800
596,SSD,Storage,3,861.76,9317.44,Henry Taylor,Latin America,2025-04-05,PayPal,2026-07-30 00:07:34.800
597,Phone,Audio,8,260.24,5775.65,David Brown,Middle East,2025-08-14,Wire Transfer,2026-07-30 00:07:34.800
598,Phone,Electronics,14,1512.34,27904.10,Carol White,Europe,2025-04-25,Wire Transfer,2026-07-30 00:07:34.800
599,Webcam,Audio,2,1914.54,27879.08,Grace Lee,Asia Pacific,2024-09-02,Credit Card,2026-07-30 00:07:34.800
600,Webcam,Computing,16,522.37,16655.04,Jack Moore,North America,2026-05-27,PayPal,2026-07-30 00:07:34.800
601,SSD,Storage,19,289.06,15906.20,Jack Moore,Latin America,2025-04-13,Credit Card,2026-07-30 00:07:34.800
602,Tablet,Storage,15,224.16,15548.04,Alice Johnson,Latin America,2024-12-02,Credit Card,2026-07-30 00:07:34.800
603,Mouse,Accessories,5,853.98,21057.00,Frank Wilson,North America,2025-06-12,Cash,2026-07-30 00:07:34.800
604,Speaker,Accessories,17,959.14,11369.40,Bob Smith,North America,2024-11-07,Cash,2026-07-30 00:07:34.800
605,Mouse,Accessories,5,201.24,9005.75,Irene Clark,Europe,2025-10-16,PayPal,2026-07-30 00:07:34.800
606,Keyboard,Accessories,9,1281.78,11738.44,Jack Moore,Europe,2026-04-24,PayPal,2026-07-30 00:07:34.800
607,Speaker,Storage,3,1383.76,17882.28,Henry Taylor,Latin America,2026-07-01,Wire Transfer,2026-07-30 00:07:34.800
608,Monitor,Electronics,16,639.95,3682.29,Henry Taylor,North America,2025-11-26,Wire Transfer,2026-07-30 00:07:34.800
609,Laptop,Accessories,1,617.70,2076.93,David Brown,Middle East,2025-04-27,PayPal,2026-07-30 00:07:34.800
610,Webcam,Audio,19,1296.43,3100.24,David Brown,Asia Pacific,2024-12-31,PayPal,2026-07-30 00:07:34.800
611,Phone,Accessories,11,301.50,19536.64,Jack Moore,Europe,2025-06-06,Credit Card,2026-07-30 00:07:34.800
612,Monitor,Computing,17,1669.26,6999.20,Emma Davis,Middle East,2025-03-03,Wire Transfer,2026-07-30 00:07:34.800
613,Headphones,Audio,4,663.10,8257.80,Alice Johnson,Europe,2024-09-08,Credit Card,2026-07-30 00:07:34.800
614,Mouse,Audio,6,1369.99,19383.40,Grace Lee,Asia Pacific,2025-07-21,PayPal,2026-07-30 00:07:34.800
615,Phone,Storage,12,1853.05,3012.40,Carol White,Asia Pacific,2025-02-07,Wire Transfer,2026-07-30 00:07:34.800
616,Webcam,Electronics,5,881.12,11567.92,Jack Moore,Middle East,2026-06-22,PayPal,2026-07-30 00:07:34.800
617,Keyboard,Audio,18,1218.56,20773.48,Grace Lee,Middle East,2026-02-24,Cash,2026-07-30 00:07:34.800
618,SSD,Electronics,8,1668.45,2215.52,David Brown,North America,2024-12-02,Debit Card,2026-07-30 00:07:34.800
619,Phone,Electronics,12,526.97,7696.56,Irene Clark,Middle East,2025-02-04,Wire Transfer,2026-07-30 00:07:34.800
620,Speaker,Audio,3,1030.13,12942.24,Emma Davis,North America,2024-08-03,PayPal,2026-07-30 00:07:34.800
621,Keyboard,Audio,10,808.63,876.91,Emma Davis,Europe,2025-10-21,PayPal,2026-07-30 00:07:34.800
622,Keyboard,Audio,19,579.83,29784.48,Grace Lee,Europe,2024-09-22,Credit Card,2026-07-30 00:07:34.800
623,Phone,Accessories,18,1780.53,12229.92,Frank Wilson,Asia Pacific,2026-07-05,PayPal,2026-07-30 00:07:34.800
624,Mouse,Storage,12,769.80,16016.85,Jack Moore,North America,2026-03-21,Credit Card,2026-07-30 00:07:34.800
625,Laptop,Storage,11,1206.82,14877.76,Carol White,Asia Pacific,2025-10-29,Debit Card,2026-07-30 00:07:34.800
626,Laptop,Accessories,14,951.35,5674.98,Frank Wilson,North America,2025-05-08,Debit Card,2026-07-30 00:07:34.800
627,Keyboard,Accessories,17,597.83,25647.45,Irene Clark,Latin America,2026-03-22,PayPal,2026-07-30 00:07:34.800
628,Phone,Electronics,6,1124.95,4967.55,Frank Wilson,Europe,2024-09-11,Debit Card,2026-07-30 00:07:34.800
629,Tablet,Electronics,10,543.33,3560.96,Grace Lee,Asia Pacific,2025-01-25,Debit Card,2026-07-30 00:07:34.800
630,Laptop,Accessories,16,294.98,12982.76,Jack Moore,North America,2024-11-11,PayPal,2026-07-30 00:07:34.800
631,Webcam,Electronics,7,739.17,7021.20,Irene Clark,Europe,2026-06-08,Debit Card,2026-07-30 00:07:34.800
632,SSD,Accessories,20,822.17,2646.48,Henry Taylor,Europe,2024-08-14,Cash,2026-07-30 00:07:34.800
633,SSD,Accessories,2,284.12,8943.09,Carol White,Latin America,2026-03-09,Credit Card,2026-07-30 00:07:34.800
634,Keyboard,Electronics,16,1814.45,8645.80,Carol White,North America,2026-05-22,Wire Transfer,2026-07-30 00:07:34.800
635,Phone,Audio,8,806.49,384.22,Bob Smith,North America,2025-01-23,Wire Transfer,2026-07-30 00:07:34.800
636,Keyboard,Electronics,11,1769.70,3846.92,Jack Moore,Asia Pacific,2025-05-06,Debit Card,2026-07-30 00:07:34.800
637,Laptop,Accessories,13,1182.23,6572.10,David Brown,Asia Pacific,2026-07-20,PayPal,2026-07-30 00:07:34.800
638,Webcam,Electronics,20,1583.61,13271.76,Alice Johnson,Asia Pacific,2025-06-08,PayPal,2026-07-30 00:07:34.800
639,Phone,Computing,5,1191.86,3379.89,Emma Davis,Middle East,2024-11-02,PayPal,2026-07-30 00:07:34.800
640,Keyboard,Electronics,9,683.45,3713.75,Alice Johnson,North America,2026-07-02,Wire Transfer,2026-07-30 00:07:34.800
641,SSD,Computing,11,234.58,7089.32,Henry Taylor,Middle East,2025-01-07,Debit Card,2026-07-30 00:07:34.800
642,Laptop,Accessories,5,1685.83,7350.72,Henry Taylor,Middle East,2025-09-07,PayPal,2026-07-30 00:07:34.800
643,Laptop,Electronics,6,1584.34,29246.60,Carol White,North America,2024-11-09,PayPal,2026-07-30 00:07:34.800
644,Webcam,Audio,19,70.79,39342.80,Alice Johnson,Europe,2026-04-02,Cash,2026-07-30 00:07:34.800
645,Speaker,Accessories,8,1465.54,9195.56,Irene Clark,North America,2024-09-19,PayPal,2026-07-30 00:07:34.800
646,Mouse,Electronics,2,832.67,1203.18,Jack Moore,Middle East,2024-10-07,PayPal,2026-07-30 00:07:34.800
647,Mouse,Computing,15,1362.61,31422.24,Carol White,Asia Pacific,2025-05-04,Wire Transfer,2026-07-30 00:07:34.800
648,Tablet,Accessories,8,641.46,7598.55,Frank Wilson,Europe,2026-06-16,Credit Card,2026-07-30 00:07:34.800
649,Phone,Electronics,6,1684.90,2526.48,Alice Johnson,Europe,2025-10-18,Debit Card,2026-07-30 00:07:34.800
650,Laptop,Accessories,1,1129.48,10271.66,David Brown,Middle East,2025-10-09,Cash,2026-07-30 00:07:34.800
651,Mouse,Accessories,17,1121.05,15376.60,Irene Clark,Middle East,2024-11-24,Cash,2026-07-30 00:07:34.800
652,Mouse,Electronics,4,563.12,10881.80,Carol White,North America,2025-05-03,PayPal,2026-07-30 00:07:34.800
653,Speaker,Storage,19,853.28,4664.50,Bob Smith,Middle East,2025-04-12,Debit Card,2026-07-30 00:07:34.800
654,Phone,Accessories,6,1482.63,3038.76,Frank Wilson,Asia Pacific,2026-07-18,Credit Card,2026-07-30 00:07:34.800
655,Phone,Audio,19,1124.06,7562.76,Emma Davis,Asia Pacific,2026-07-09,Wire Transfer,2026-07-30 00:07:34.800
656,Laptop,Audio,13,1501.61,1309.65,Jack Moore,North America,2025-02-25,Credit Card,2026-07-30 00:07:34.800
657,Tablet,Accessories,15,1679.30,6485.60,Carol White,Asia Pacific,2025-03-29,Debit Card,2026-07-30 00:07:34.800
658,Monitor,Computing,2,107.36,22266.53,Emma Davis,North America,2026-01-31,Wire Transfer,2026-07-30 00:07:34.800
659,Keyboard,Audio,14,1228.73,1349.60,Bob Smith,Middle East,2025-08-06,Credit Card,2026-07-30 00:07:34.800
660,Tablet,Accessories,4,1982.33,29006.80,Frank Wilson,Asia Pacific,2026-04-15,PayPal,2026-07-30 00:07:34.800
661,Phone,Storage,3,1195.04,4727.88,David Brown,North America,2025-05-02,Cash,2026-07-30 00:07:34.800
662,Phone,Electronics,7,125.40,1747.20,Alice Johnson,Latin America,2025-06-30,Cash,2026-07-30 00:07:34.800
663,Mouse,Computing,17,621.33,13900.30,Henry Taylor,North America,2025-02-10,Cash,2026-07-30 00:07:34.800
664,Speaker,Electronics,6,997.87,13699.70,Henry Taylor,Europe,2025-04-30,Debit Card,2026-07-30 00:07:34.800
665,Phone,Electronics,8,1902.66,6288.36,Jack Moore,Middle East,2026-02-15,Credit Card,2026-07-30 00:07:34.800
666,Mouse,Audio,19,598.30,14267.20,Bob Smith,Europe,2026-05-21,Cash,2026-07-30 00:07:34.800
667,Mouse,Electronics,19,1639.90,9616.80,Jack Moore,North America,2024-12-26,Credit Card,2026-07-30 00:07:34.800
668,SSD,Storage,13,1656.45,496.30,Irene Clark,Europe,2024-09-07,Debit Card,2026-07-30 00:07:34.800
669,Keyboard,Electronics,17,637.76,17501.88,Grace Lee,Asia Pacific,2025-02-10,Cash,2026-07-30 00:07:34.800
670,Laptop,Storage,20,65.07,12585.60,Emma Davis,Middle East,2025-03-06,PayPal,2026-07-30 00:07:34.800
671,Monitor,Electronics,6,1075.29,6580.44,Emma Davis,Latin America,2025-10-05,Debit Card,2026-07-30 00:07:34.800
672,Headphones,Electronics,15,1270.73,9168.88,Henry Taylor,Asia Pacific,2026-01-13,Wire Transfer,2026-07-30 00:07:34.800
673,Laptop,Accessories,9,1149.13,9646.78,Irene Clark,Europe,2026-05-19,Wire Transfer,2026-07-30 00:07:34.800
674,Headphones,Audio,17,1042.13,3453.36,Bob Smith,Asia Pacific,2026-04-01,PayPal,2026-07-30 00:07:34.800
675,Tablet,Accessories,1,1874.79,904.92,Irene Clark,Middle East,2024-08-07,Cash,2026-07-30 00:07:34.800
676,Keyboard,Computing,12,711.27,20371.39,Bob Smith,Asia Pacific,2026-02-07,Wire Transfer,2026-07-30 00:07:34.800
677,Webcam,Audio,15,1536.82,931.84,Grace Lee,Europe,2025-07-08,Credit Card,2026-07-30 00:07:34.800
678,Webcam,Computing,17,360.97,10351.90,Emma Davis,North America,2025-10-06,Cash,2026-07-30 00:07:34.800
679,Speaker,Electronics,10,638.91,11802.25,Henry Taylor,Latin America,2025-09-16,Cash,2026-07-30 00:07:34.800
680,SSD,Audio,19,641.89,7469.09,David Brown,North America,2026-02-03,PayPal,2026-07-30 00:07:34.800
681,SSD,Storage,5,67.29,1309.44,Grace Lee,North America,2026-06-25,Debit Card,2026-07-30 00:07:34.800
682,Laptop,Accessories,18,238.66,6309.80,Alice Johnson,North America,2026-07-04,Credit Card,2026-07-30 00:07:34.800
683,Mouse,Audio,4,1868.54,28803.90,Frank Wilson,Europe,2026-02-01,PayPal,2026-07-30 00:07:34.800
684,Headphones,Electronics,7,1100.48,8167.15,Jack Moore,Europe,2026-07-06,PayPal,2026-07-30 00:07:34.800
685,Speaker,Audio,15,1479.67,2344.37,Emma Davis,Middle East,2026-06-19,Cash,2026-07-30 00:07:34.800
686,Headphones,Audio,1,210.84,1055.97,Henry Taylor,Middle East,2024-11-04,Cash,2026-07-30 00:07:34.800
687,Monitor,Audio,1,1842.12,2082.78,David Brown,Latin America,2025-12-09,Cash,2026-07-30 00:07:34.800
688,Headphones,Accessories,15,105.50,7277.28,Irene Clark,North America,2025-10-10,Credit Card,2026-07-30 00:07:34.800
689,Speaker,Computing,7,22.84,5881.26,Emma Davis,Asia Pacific,2025-08-11,Credit Card,2026-07-30 00:07:34.800
690,Speaker,Electronics,17,1250.61,12582.27,Jack Moore,North America,2025-05-11,Cash,2026-07-30 00:07:34.800
691,Mouse,Accessories,17,1961.46,9414.60,Jack Moore,Asia Pacific,2024-08-11,Debit Card,2026-07-30 00:07:34.800
692,Headphones,Electronics,16,1076.67,6401.98,Emma Davis,North America,2025-08-10,Debit Card,2026-07-30 00:07:34.800
693,Mouse,Computing,2,423.98,18996.04,Henry Taylor,Europe,2025-04-22,Credit Card,2026-07-30 00:07:34.800
694,Mouse,Audio,10,1502.44,15870.79,Bob Smith,North America,2026-06-28,Wire Transfer,2026-07-30 00:07:34.800
695,SSD,Accessories,8,323.05,5903.10,Henry Taylor,Latin America,2024-08-08,Cash,2026-07-30 00:07:34.800
696,Monitor,Accessories,19,833.29,2028.72,David Brown,North America,2025-12-11,Wire Transfer,2026-07-30 00:07:34.800
697,Laptop,Accessories,4,1558.92,3252.39,Frank Wilson,North America,2024-12-01,Wire Transfer,2026-07-30 00:07:34.800
698,Keyboard,Audio,3,601.05,1551.48,Jack Moore,Asia Pacific,2026-04-15,Cash,2026-07-30 00:07:34.800
699,Monitor,Audio,3,1447.55,26229.90,Carol White,North America,2026-06-01,Wire Transfer,2026-07-30 00:07:34.800
700,Speaker,Storage,4,1538.88,7249.00,Emma Davis,North America,2025-05-17,Debit Card,2026-07-30 00:07:34.800
701,Tablet,Computing,12,1488.99,204.27,Carol White,Latin America,2025-06-18,Wire Transfer,2026-07-30 00:07:34.800
702,Mouse,Audio,11,245.57,23074.55,David Brown,Asia Pacific,2026-07-19,Wire Transfer,2026-07-30 00:07:34.800
703,Phone,Audio,16,1339.14,25803.90,Frank Wilson,Europe,2025-02-09,Debit Card,2026-07-30 00:07:34.800
704,Headphones,Computing,8,149.90,7344.72,Bob Smith,Latin America,2025-09-14,Wire Transfer,2026-07-30 00:07:34.800
705,Webcam,Accessories,4,1675.76,3809.10,Bob Smith,Europe,2026-03-10,Debit Card,2026-07-30 00:07:34.800
706,Monitor,Computing,5,741.45,21855.68,Henry Taylor,North America,2024-09-10,Wire Transfer,2026-07-30 00:07:34.800
707,Tablet,Audio,20,981.98,12224.16,Frank Wilson,Latin America,2026-05-11,Debit Card,2026-07-30 00:07:34.800
708,Phone,Audio,10,700.44,6860.33,Irene Clark,Latin America,2025-06-30,Cash,2026-07-30 00:07:34.800
709,Tablet,Audio,4,641.32,1876.38,Bob Smith,Middle East,2024-09-14,Debit Card,2026-07-30 00:07:34.800
710,Monitor,Computing,7,898.78,15924.44,Jack Moore,Latin America,2026-05-01,Credit Card,2026-07-30 00:07:34.800
711,Monitor,Accessories,20,897.83,4714.64,Grace Lee,Europe,2025-10-01,Credit Card,2026-07-30 00:07:34.800
712,Monitor,Accessories,9,1787.67,3927.72,Emma Davis,North America,2026-05-04,Debit Card,2026-07-30 00:07:34.800
713,Phone,Storage,17,758.65,4234.02,David Brown,Middle East,2024-12-04,Wire Transfer,2026-07-30 00:07:34.800
714,Phone,Computing,5,939.97,2773.32,David Brown,Europe,2026-06-11,PayPal,2026-07-30 00:07:34.800
715,Keyboard,Electronics,8,1956.21,5349.16,Carol White,North America,2026-06-26,Cash,2026-07-30 00:07:34.800
716,Mouse,Audio,11,1052.75,3180.10,Irene Clark,Latin America,2026-03-01,PayPal,2026-07-30 00:07:34.800
717,Laptop,Accessories,4,1356.58,7618.00,Grace Lee,Middle East,2026-04-26,Wire Transfer,2026-07-30 00:07:34.800
718,Laptop,Storage,15,464.06,5000.85,Emma Davis,North America,2025-01-12,Debit Card,2026-07-30 00:07:34.800
719,Laptop,Computing,9,1923.86,19674.88,Grace Lee,Latin America,2025-12-07,Wire Transfer,2026-07-30 00:07:34.800
720,Speaker,Accessories,4,1149.72,2404.01,Frank Wilson,North America,2025-05-15,PayPal,2026-07-30 00:07:34.800
721,Headphones,Accessories,20,769.84,7129.20,Alice Johnson,Europe,2025-11-15,Credit Card,2026-07-30 00:07:34.800
722,Headphones,Electronics,15,140.09,8962.06,Jack Moore,Europe,2026-01-14,Wire Transfer,2026-07-30 00:07:34.800
723,Keyboard,Accessories,17,887.94,7910.35,Bob Smith,Latin America,2026-04-30,Credit Card,2026-07-30 00:07:34.800
724,Monitor,Computing,16,1968.50,5984.70,Bob Smith,Latin America,2026-02-19,Cash,2026-07-30 00:07:34.800
725,Tablet,Accessories,4,1868.04,24501.07,Grace Lee,Europe,2026-02-02,Cash,2026-07-30 00:07:34.800
726,Webcam,Electronics,17,423.14,6014.24,Emma Davis,Asia Pacific,2025-07-19,Cash,2026-07-30 00:07:34.800
727,Laptop,Storage,10,496.43,312.24,Grace Lee,North America,2024-11-28,Cash,2026-07-30 00:07:34.800
728,Phone,Computing,10,1521.45,8092.56,Irene Clark,Europe,2026-07-30,Cash,2026-07-30 00:07:34.800
729,Monitor,Storage,17,1803.18,2460.58,Grace Lee,Latin America,2026-02-22,Cash,2026-07-30 00:07:34.800
730,Laptop,Storage,17,586.80,7435.64,David Brown,Latin America,2026-06-12,Cash,2026-07-30 00:07:34.800
731,Headphones,Computing,10,1666.37,21025.48,Frank Wilson,Europe,2025-11-29,Wire Transfer,2026-07-30 00:07:34.800
732,Headphones,Audio,5,908.85,968.30,David Brown,Europe,2025-05-29,Credit Card,2026-07-30 00:07:34.800
733,Phone,Accessories,8,554.88,1982.40,Carol White,Asia Pacific,2024-10-02,Debit Card,2026-07-30 00:07:34.800
734,Webcam,Storage,4,90.13,21316.10,Alice Johnson,Asia Pacific,2024-09-02,Credit Card,2026-07-30 00:07:34.800
735,Webcam,Storage,14,1239.73,8206.00,Irene Clark,Middle East,2025-11-16,Wire Transfer,2026-07-30 00:07:34.800
736,Keyboard,Storage,7,450.82,37644.40,Jack Moore,Europe,2025-06-22,Credit Card,2026-07-30 00:07:34.800
737,Keyboard,Accessories,12,1201.09,16678.08,Jack Moore,Europe,2025-09-14,Cash,2026-07-30 00:07:34.800
738,SSD,Computing,11,1523.62,3708.56,Alice Johnson,Latin America,2025-07-04,Wire Transfer,2026-07-30 00:07:34.800
739,Tablet,Electronics,20,451.93,5061.92,Henry Taylor,North America,2025-04-17,Cash,2026-07-30 00:07:34.800
740,Speaker,Computing,15,1063.13,4999.26,Carol White,Europe,2024-11-10,Debit Card,2026-07-30 00:07:34.800
741,Headphones,Computing,12,57.52,2182.32,Jack Moore,Middle East,2025-10-25,Credit Card,2026-07-30 00:07:34.800
742,Monitor,Audio,6,763.13,28596.60,Alice Johnson,Asia Pacific,2024-12-01,Wire Transfer,2026-07-30 00:07:34.800
743,Webcam,Audio,2,45.69,1326.15,Bob Smith,North America,2026-01-31,PayPal,2026-07-30 00:07:34.800
744,Phone,Accessories,8,1299.78,11339.64,Henry Taylor,Europe,2025-01-01,Cash,2026-07-30 00:07:34.800
745,Mouse,Audio,9,82.52,8265.30,Emma Davis,North America,2024-09-07,PayPal,2026-07-30 00:07:34.800
746,SSD,Storage,19,568.86,11466.69,Alice Johnson,Latin America,2026-04-09,Wire Transfer,2026-07-30 00:07:34.800
747,Keyboard,Audio,1,1655.07,4848.83,Irene Clark,Latin America,2026-05-14,Wire Transfer,2026-07-30 00:07:34.800
748,Webcam,Computing,2,1738.13,12465.84,Bob Smith,North America,2025-04-12,Credit Card,2026-07-30 00:07:34.800
749,Phone,Accessories,4,1566.45,6088.04,Emma Davis,North America,2025-11-19,Wire Transfer,2026-07-30 00:07:34.800
750,Phone,Storage,12,1492.32,24981.77,Emma Davis,Europe,2025-02-03,Wire Transfer,2026-07-30 00:07:34.800
751,SSD,Electronics,6,1515.81,11052.00,Henry Taylor,Europe,2025-11-04,Wire Transfer,2026-07-30 00:07:34.800
752,Webcam,Audio,10,479.05,13587.09,Jack Moore,Europe,2025-07-26,Wire Transfer,2026-07-30 00:07:34.800
753,Monitor,Audio,20,1096.06,13951.56,Carol White,North America,2024-11-28,Credit Card,2026-07-30 00:07:34.800
754,Monitor,Computing,15,36.80,22399.65,Irene Clark,Middle East,2025-02-08,PayPal,2026-07-30 00:07:34.800
755,Mouse,Storage,14,74.43,26662.97,Alice Johnson,North America,2025-06-19,Wire Transfer,2026-07-30 00:07:34.800
756,Tablet,Electronics,19,1360.59,1113.84,Bob Smith,Latin America,2025-03-26,Cash,2026-07-30 00:07:34.800
757,Laptop,Storage,15,1543.89,10072.59,Jack Moore,North America,2024-12-04,Wire Transfer,2026-07-30 00:07:34.800
758,Tablet,Electronics,7,484.64,19636.90,Grace Lee,Europe,2025-01-17,Wire Transfer,2026-07-30 00:07:34.800
759,Speaker,Electronics,10,1277.71,176.20,David Brown,North America,2026-06-10,PayPal,2026-07-30 00:07:34.800
760,SSD,Accessories,14,1974.87,14333.60,Carol White,Latin America,2024-08-15,Cash,2026-07-30 00:07:34.800
761,Keyboard,Accessories,15,851.30,6622.14,Emma Davis,Asia Pacific,2026-05-16,Cash,2026-07-30 00:07:34.800
762,Speaker,Audio,8,1970.50,3430.07,Alice Johnson,Latin America,2025-12-19,Wire Transfer,2026-07-30 00:07:34.800
763,Headphones,Computing,20,1282.24,7273.20,Carol White,Middle East,2026-02-07,Wire Transfer,2026-07-30 00:07:34.800
764,SSD,Storage,16,1928.48,1971.00,Emma Davis,Asia Pacific,2026-02-07,Wire Transfer,2026-07-30 00:07:34.800
765,Keyboard,Storage,13,827.76,30348.32,Grace Lee,Middle East,2024-10-28,PayPal,2026-07-30 00:07:34.800
766,Mouse,Storage,10,742.28,1657.08,Bob Smith,Latin America,2025-08-19,PayPal,2026-07-30 00:07:34.800
767,Webcam,Electronics,16,974.55,10397.76,David Brown,Europe,2026-05-31,Credit Card,2026-07-30 00:07:34.800
768,Tablet,Audio,5,58.91,13294.71,Grace Lee,Asia Pacific,2025-05-02,Credit Card,2026-07-30 00:07:34.800
769,Laptop,Storage,8,704.26,22877.14,Alice Johnson,North America,2026-06-19,Wire Transfer,2026-07-30 00:07:34.800
770,Mouse,Storage,1,1950.30,903.01,Frank Wilson,Europe,2026-05-19,Credit Card,2026-07-30 00:07:34.800
771,Webcam,Computing,16,1320.06,5069.77,Frank Wilson,Latin America,2025-08-26,Cash,2026-07-30 00:07:34.800
772,Webcam,Audio,19,1068.74,7653.42,David Brown,Europe,2025-12-11,Cash,2026-07-30 00:07:34.800
773,Keyboard,Audio,1,393.03,29297.97,Jack Moore,Europe,2025-09-02,Credit Card,2026-07-30 00:07:34.800
774,Mouse,Audio,15,1158.21,13982.64,Carol White,North America,2026-04-04,Debit Card,2026-07-30 00:07:34.800
775,Webcam,Storage,17,638.39,392.70,Irene Clark,Latin America,2025-12-02,Debit Card,2026-07-30 00:07:34.800
776,Headphones,Audio,9,351.11,19966.40,Grace Lee,North America,2024-10-26,Debit Card,2026-07-30 00:07:34.800
777,Mouse,Audio,7,1769.20,6135.60,Frank Wilson,Asia Pacific,2025-07-04,Wire Transfer,2026-07-30 00:07:34.800
778,Laptop,Audio,20,811.88,2639.49,Henry Taylor,Europe,2024-09-11,Debit Card,2026-07-30 00:07:34.800
779,Webcam,Storage,4,554.42,20655.36,Carol White,Asia Pacific,2026-04-12,Wire Transfer,2026-07-30 00:07:34.800
780,Phone,Computing,8,940.00,7420.20,Jack Moore,Middle East,2025-10-12,Credit Card,2026-07-30 00:07:34.800
781,Webcam,Storage,18,325.04,19674.20,Emma Davis,Asia Pacific,2026-07-25,Credit Card,2026-07-30 00:07:34.800
782,Headphones,Audio,17,1117.13,5515.08,Henry Taylor,Europe,2025-08-19,Debit Card,2026-07-30 00:07:34.800
783,Speaker,Computing,11,96.85,29272.48,Carol White,North America,2026-02-08,Debit Card,2026-07-30 00:07:34.800
784,Webcam,Accessories,8,1944.76,17710.14,Alice Johnson,Middle East,2026-04-27,Cash,2026-07-30 00:07:34.800
785,Keyboard,Electronics,14,1551.78,15538.86,David Brown,North America,2024-10-14,Wire Transfer,2026-07-30 00:07:34.800
786,Phone,Storage,15,1280.19,10112.19,Jack Moore,Middle East,2025-04-09,Wire Transfer,2026-07-30 00:07:34.800
787,Mouse,Storage,20,610.44,30315.84,Grace Lee,Europe,2025-09-26,Cash,2026-07-30 00:07:34.800
788,Keyboard,Electronics,4,925.96,11445.70,Irene Clark,Latin America,2025-10-08,Cash,2026-07-30 00:07:34.800
789,Mouse,Storage,8,1279.11,11463.20,Irene Clark,Middle East,2025-03-01,Cash,2026-07-30 00:07:34.800
790,Monitor,Electronics,10,854.49,1366.46,David Brown,Middle East,2026-02-09,Cash,2026-07-30 00:07:34.800
791,Webcam,Storage,16,1968.04,896.00,Bob Smith,North America,2025-02-21,PayPal,2026-07-30 00:07:34.800
792,Webcam,Computing,20,773.68,6625.28,Jack Moore,North America,2025-04-10,Wire Transfer,2026-07-30 00:07:34.800
793,Phone,Computing,18,1567.82,22385.60,Alice Johnson,Latin America,2024-08-04,Debit Card,2026-07-30 00:07:34.800
794,Laptop,Electronics,7,1813.52,269.40,Frank Wilson,Asia Pacific,2026-03-16,PayPal,2026-07-30 00:07:34.800
795,Laptop,Computing,1,1715.18,21673.44,Alice Johnson,Middle East,2026-02-08,Wire Transfer,2026-07-30 00:07:34.800
796,Laptop,Electronics,3,236.51,21676.06,Irene Clark,Latin America,2024-11-06,PayPal,2026-07-30 00:07:34.800
797,Phone,Electronics,10,652.24,543.84,Bob Smith,North America,2024-09-06,Cash,2026-07-30 00:07:34.800
798,Mouse,Electronics,18,1633.94,4096.92,David Brown,Europe,2025-04-19,Cash,2026-07-30 00:07:34.800
799,Headphones,Electronics,13,1602.74,5791.20,Jack Moore,North America,2026-07-13,Debit Card,2026-07-30 00:07:34.800
800,Headphones,Electronics,19,941.30,31457.16,David Brown,Middle East,2025-01-06,Credit Card,2026-07-30 00:07:34.800
801,Speaker,Computing,13,446.73,5333.07,Grace Lee,Asia Pacific,2025-03-12,Debit Card,2026-07-30 00:07:34.800
802,Laptop,Electronics,16,505.33,1650.96,Irene Clark,Middle East,2025-01-15,PayPal,2026-07-30 00:07:34.800
803,SSD,Audio,19,672.68,759.90,Jack Moore,North America,2025-04-16,Debit Card,2026-07-30 00:07:34.800
804,Webcam,Accessories,6,859.42,10399.14,Emma Davis,Latin America,2026-04-03,Wire Transfer,2026-07-30 00:07:34.800
805,Speaker,Accessories,3,1686.19,11350.53,Alice Johnson,Europe,2025-06-16,Debit Card,2026-07-30 00:07:34.800
806,SSD,Audio,1,194.15,12730.20,David Brown,North America,2024-08-10,Credit Card,2026-07-30 00:07:34.800
807,Phone,Accessories,16,1491.41,547.68,Bob Smith,Europe,2025-05-07,Debit Card,2026-07-30 00:07:34.800
808,Keyboard,Electronics,15,1035.03,33299.97,Alice Johnson,Middle East,2024-12-03,Credit Card,2026-07-30 00:07:34.800
809,SSD,Storage,1,578.14,4268.04,Emma Davis,Middle East,2024-08-17,Credit Card,2026-07-30 00:07:34.800
810,Mouse,Electronics,13,473.10,5033.43,Alice Johnson,Middle East,2025-10-15,Cash,2026-07-30 00:07:34.800
811,Tablet,Storage,10,1371.49,28454.94,Alice Johnson,Europe,2026-06-16,Debit Card,2026-07-30 00:07:34.800
812,Mouse,Electronics,4,615.47,363.51,Carol White,Europe,2026-07-28,PayPal,2026-07-30 00:07:34.800
813,Headphones,Storage,9,468.02,26816.04,Carol White,Europe,2026-05-10,PayPal,2026-07-30 00:07:34.800
814,Mouse,Computing,12,1735.42,11296.08,Carol White,Latin America,2025-05-29,Cash,2026-07-30 00:07:34.800
815,SSD,Storage,20,1667.90,26279.40,Bob Smith,Asia Pacific,2025-03-31,Debit Card,2026-07-30 00:07:34.800
816,Mouse,Electronics,6,149.29,6113.24,Alice Johnson,Europe,2024-08-09,Credit Card,2026-07-30 00:07:34.800
817,Phone,Accessories,16,1368.83,12071.92,Irene Clark,Middle East,2026-02-16,Cash,2026-07-30 00:07:34.800
818,Phone,Audio,18,400.57,16029.13,Alice Johnson,North America,2024-10-25,PayPal,2026-07-30 00:07:34.800
819,Keyboard,Accessories,6,309.25,12221.10,Alice Johnson,Asia Pacific,2024-12-25,Credit Card,2026-07-30 00:07:34.800
820,Monitor,Storage,13,261.24,7946.72,Frank Wilson,North America,2024-08-18,Cash,2026-07-30 00:07:34.800
821,Laptop,Computing,7,252.55,22813.02,Irene Clark,Europe,2024-10-18,Debit Card,2026-07-30 00:07:34.800
822,Tablet,Audio,15,326.74,13322.80,Henry Taylor,Europe,2026-02-07,Credit Card,2026-07-30 00:07:34.800
823,Speaker,Computing,4,1413.26,17653.32,Emma Davis,North America,2025-08-12,PayPal,2026-07-30 00:07:34.800
824,Tablet,Electronics,17,1213.47,7228.55,Irene Clark,Asia Pacific,2026-05-17,Wire Transfer,2026-07-30 00:07:34.800
825,SSD,Storage,10,17.63,3240.93,Alice Johnson,North America,2024-12-23,Wire Transfer,2026-07-30 00:07:34.800
826,Tablet,Accessories,20,601.36,25614.54,David Brown,Asia Pacific,2026-05-23,Credit Card,2026-07-30 00:07:34.800
827,Tablet,Accessories,16,1371.58,11383.70,Grace Lee,Latin America,2024-11-21,Debit Card,2026-07-30 00:07:34.800
828,Keyboard,Electronics,17,1066.65,3012.15,Jack Moore,Middle East,2026-01-04,Debit Card,2026-07-30 00:07:34.800
829,Phone,Computing,10,1946.11,2026.96,Carol White,North America,2025-03-12,PayPal,2026-07-30 00:07:34.800
830,Speaker,Audio,17,1453.04,5392.57,Frank Wilson,Latin America,2025-04-13,Credit Card,2026-07-30 00:07:34.800
831,Phone,Storage,3,797.57,1160.73,Grace Lee,Europe,2025-09-02,Credit Card,2026-07-30 00:07:34.800
832,Mouse,Storage,11,503.33,25606.08,Grace Lee,Latin America,2024-08-25,PayPal,2026-07-30 00:07:34.800
833,Laptop,Storage,13,402.20,4277.07,Frank Wilson,Europe,2025-10-31,Wire Transfer,2026-07-30 00:07:34.800
834,SSD,Storage,14,1786.84,10362.40,Irene Clark,Middle East,2024-09-10,PayPal,2026-07-30 00:07:34.800
835,Mouse,Storage,18,1178.13,12092.80,Jack Moore,Asia Pacific,2024-12-11,Debit Card,2026-07-30 00:07:34.800
836,Headphones,Electronics,5,923.03,25625.60,Alice Johnson,Europe,2025-05-29,PayPal,2026-07-30 00:07:34.800
837,Phone,Electronics,16,1357.62,23149.08,Irene Clark,Latin America,2025-04-11,Cash,2026-07-30 00:07:34.800
838,Phone,Audio,11,734.38,10097.10,Henry Taylor,North America,2026-03-01,Cash,2026-07-30 00:07:34.800
839,Speaker,Storage,4,353.13,8496.80,Frank Wilson,Latin America,2025-12-22,Debit Card,2026-07-30 00:07:34.800
840,Keyboard,Accessories,10,642.66,2743.56,Jack Moore,Middle East,2025-12-18,PayPal,2026-07-30 00:07:34.800
841,Mouse,Audio,6,1518.46,3728.16,Grace Lee,Latin America,2025-02-25,Wire Transfer,2026-07-30 00:07:34.800
842,Tablet,Storage,13,1320.94,2157.12,Henry Taylor,Asia Pacific,2025-02-14,PayPal,2026-07-30 00:07:34.800
843,Laptop,Electronics,12,482.79,824.00,Frank Wilson,North America,2025-02-26,Wire Transfer,2026-07-30 00:07:34.800
844,Phone,Storage,14,1340.90,3775.68,Henry Taylor,Middle East,2024-09-18,Credit Card,2026-07-30 00:07:34.800
845,Monitor,Storage,3,920.22,19811.80,Carol White,Latin America,2026-02-20,PayPal,2026-07-30 00:07:34.800
846,Webcam,Audio,11,1245.96,19546.63,Emma Davis,Europe,2024-09-11,Credit Card,2026-07-30 00:07:34.800
847,Mouse,Accessories,6,573.78,12627.76,Jack Moore,Europe,2026-03-18,Cash,2026-07-30 00:07:34.800
848,SSD,Audio,16,1514.76,24472.89,Grace Lee,Latin America,2025-11-02,PayPal,2026-07-30 00:07:34.800
849,Tablet,Computing,9,864.60,29183.60,Frank Wilson,Asia Pacific,2026-04-02,Cash,2026-07-30 00:07:34.800
850,Laptop,Computing,12,37.86,3716.44,Emma Davis,Asia Pacific,2026-02-05,Cash,2026-07-30 00:07:34.800
851,Monitor,Accessories,2,917.76,7087.30,Jack Moore,North America,2025-10-27,Wire Transfer,2026-07-30 00:07:34.800
852,SSD,Accessories,12,824.69,30127.35,Bob Smith,Latin America,2026-07-23,Credit Card,2026-07-30 00:07:34.800
853,Speaker,Audio,19,938.59,4956.00,David Brown,Asia Pacific,2024-10-26,Wire Transfer,2026-07-30 00:07:34.800
854,Speaker,Electronics,12,1403.16,2913.46,Alice Johnson,Middle East,2026-05-24,Wire Transfer,2026-07-30 00:07:34.800
855,Headphones,Electronics,6,533.49,10830.60,Frank Wilson,North America,2025-06-13,Wire Transfer,2026-07-30 00:07:34.800
856,Monitor,Computing,17,1869.46,6911.46,Irene Clark,Latin America,2025-05-06,Cash,2026-07-30 00:07:34.800
857,Keyboard,Audio,11,1171.81,13099.20,Bob Smith,Latin America,2025-06-29,Wire Transfer,2026-07-30 00:07:34.800
858,Webcam,Computing,2,1819.29,21429.24,Jack Moore,North America,2025-05-24,Debit Card,2026-07-30 00:07:34.800
859,Headphones,Storage,13,1474.11,7921.44,Jack Moore,Latin America,2024-10-04,Credit Card,2026-07-30 00:07:34.800
860,Monitor,Electronics,20,200.81,8013.42,Irene Clark,Middle East,2025-01-21,Credit Card,2026-07-30 00:07:34.800
861,SSD,Accessories,12,236.68,11502.12,Carol White,Latin America,2026-07-04,Credit Card,2026-07-30 00:07:34.800
862,SSD,Electronics,3,776.62,6086.40,Emma Davis,Europe,2025-12-20,Wire Transfer,2026-07-30 00:07:34.800
863,Keyboard,Audio,9,1449.63,22375.16,Henry Taylor,North America,2026-01-11,Credit Card,2026-07-30 00:07:34.800
864,SSD,Audio,7,1171.92,12920.00,Henry Taylor,North America,2024-09-24,Wire Transfer,2026-07-30 00:07:34.800
865,Monitor,Electronics,20,422.90,4991.80,Alice Johnson,Asia Pacific,2024-08-30,Debit Card,2026-07-30 00:07:34.800
866,Monitor,Electronics,9,1585.45,2418.78,Alice Johnson,Middle East,2025-10-31,PayPal,2026-07-30 00:07:34.800
867,Headphones,Accessories,10,467.81,7915.96,Bob Smith,Middle East,2025-07-20,Cash,2026-07-30 00:07:34.800
868,Webcam,Audio,9,1093.50,7688.24,Irene Clark,Middle East,2025-05-21,Cash,2026-07-30 00:07:34.800
869,Mouse,Storage,13,39.51,749.40,Alice Johnson,Middle East,2024-09-21,Wire Transfer,2026-07-30 00:07:34.800
870,Laptop,Electronics,2,1113.97,6974.00,David Brown,Latin America,2024-10-28,Wire Transfer,2026-07-30 00:07:34.800
871,Phone,Computing,3,1815.96,38006.80,Carol White,Middle East,2026-04-16,Debit Card,2026-07-30 00:07:34.800
872,Monitor,Electronics,16,1288.32,18322.65,Grace Lee,Europe,2025-10-07,Wire Transfer,2026-07-30 00:07:34.800
873,Phone,Audio,5,1728.50,6705.51,Bob Smith,North America,2026-05-04,PayPal,2026-07-30 00:07:34.800
874,Laptop,Computing,10,245.07,4043.30,Irene Clark,Middle East,2025-06-18,Cash,2026-07-30 00:07:34.800
875,Headphones,Accessories,1,876.59,1807.50,Jack Moore,North America,2024-12-21,Cash,2026-07-30 00:07:34.800
876,Mouse,Accessories,2,182.34,15483.02,David Brown,Latin America,2025-01-04,PayPal,2026-07-30 00:07:34.800
877,Tablet,Accessories,17,456.19,25434.90,Irene Clark,Asia Pacific,2024-12-17,PayPal,2026-07-30 00:07:34.800
878,Webcam,Computing,6,1923.54,7526.64,David Brown,Asia Pacific,2025-04-22,Credit Card,2026-07-30 00:07:34.800
879,Keyboard,Computing,17,1621.12,1598.84,David Brown,Middle East,2026-05-03,Wire Transfer,2026-07-30 00:07:34.800
880,Phone,Storage,5,1973.63,2930.50,Jack Moore,North America,2025-12-10,Cash,2026-07-30 00:07:34.800
881,Monitor,Computing,11,350.08,10977.33,Emma Davis,Latin America,2026-04-15,PayPal,2026-07-30 00:07:34.800
882,Headphones,Audio,19,1519.22,1599.90,Irene Clark,Europe,2026-07-07,PayPal,2026-07-30 00:07:34.800
883,Laptop,Accessories,16,945.69,24473.60,Irene Clark,Latin America,2025-11-06,Credit Card,2026-07-30 00:07:34.800
884,Speaker,Audio,1,1711.51,8928.99,David Brown,Europe,2024-08-14,PayPal,2026-07-30 00:07:34.800
885,Mouse,Audio,9,673.87,8483.85,Grace Lee,Asia Pacific,2024-10-01,PayPal,2026-07-30 00:07:34.800
886,Mouse,Accessories,14,170.67,6597.20,Irene Clark,North America,2026-04-11,Wire Transfer,2026-07-30 00:07:34.800
887,Laptop,Accessories,8,1319.75,2739.06,Frank Wilson,Latin America,2025-09-26,Cash,2026-07-30 00:07:34.800
888,Laptop,Accessories,6,1117.96,3762.64,Bob Smith,North America,2025-11-27,PayPal,2026-07-30 00:07:34.800
889,Mouse,Computing,8,1480.02,1643.70,Alice Johnson,Latin America,2024-08-26,Cash,2026-07-30 00:07:34.800
890,Mouse,Computing,4,509.18,11570.94,Emma Davis,Europe,2026-04-08,Credit Card,2026-07-30 00:07:34.800
891,Monitor,Electronics,17,476.35,8493.37,Jack Moore,Europe,2026-03-12,Cash,2026-07-30 00:07:34.800
892,Webcam,Audio,3,1032.50,20924.11,Bob Smith,Europe,2026-02-08,Debit Card,2026-07-30 00:07:34.800
893,SSD,Audio,18,393.89,1872.42,Carol White,Latin America,2025-06-25,PayPal,2026-07-30 00:07:34.800
894,Phone,Audio,18,1115.15,970.96,David Brown,Europe,2025-06-21,Credit Card,2026-07-30 00:07:34.800
895,Headphones,Accessories,1,1245.56,30867.92,Grace Lee,North America,2024-08-01,Debit Card,2026-07-30 00:07:34.800
896,Speaker,Audio,6,609.48,7191.45,Bob Smith,Europe,2024-09-04,Cash,2026-07-30 00:07:34.800
897,Phone,Computing,15,589.25,6939.03,Jack Moore,Latin America,2024-10-26,Credit Card,2026-07-30 00:07:34.800
898,Speaker,Audio,16,294.66,16152.07,David Brown,Europe,2025-07-16,Cash,2026-07-30 00:07:34.800
899,Headphones,Audio,13,174.40,17588.88,Henry Taylor,Latin America,2025-11-29,Debit Card,2026-07-30 00:07:34.800
900,SSD,Computing,7,436.96,12060.54,David Brown,North America,2025-03-16,Credit Card,2026-07-30 00:07:34.800
901,Speaker,Audio,8,353.54,6239.16,Jack Moore,North America,2026-05-31,PayPal,2026-07-30 00:07:34.800
902,Phone,Storage,9,1727.21,8825.40,David Brown,Latin America,2024-09-02,Wire Transfer,2026-07-30 00:07:34.800
903,Mouse,Computing,17,633.07,1995.90,Henry Taylor,Europe,2024-08-09,Debit Card,2026-07-30 00:07:34.800
904,Headphones,Storage,3,825.33,4993.04,Henry Taylor,Middle East,2024-12-16,PayPal,2026-07-30 00:07:34.800
905,Headphones,Accessories,19,1658.20,2890.02,Grace Lee,Asia Pacific,2024-12-29,PayPal,2026-07-30 00:07:34.800
906,Mouse,Computing,5,1169.12,11017.38,Irene Clark,Europe,2025-03-15,Credit Card,2026-07-30 00:07:34.800
907,Speaker,Storage,1,431.19,2107.56,Carol White,Latin America,2025-08-16,Credit Card,2026-07-30 00:07:34.800
908,Laptop,Storage,17,1221.40,4072.85,Jack Moore,Latin America,2026-02-22,Cash,2026-07-30 00:07:34.800
909,Webcam,Storage,7,518.11,4324.00,David Brown,Middle East,2025-03-15,PayPal,2026-07-30 00:07:34.800
910,Mouse,Audio,20,1764.21,4964.00,Henry Taylor,Asia Pacific,2025-10-29,Cash,2026-07-30 00:07:34.800
911,Headphones,Accessories,10,1598.52,2641.76,Grace Lee,Latin America,2024-10-11,PayPal,2026-07-30 00:07:34.800
912,Phone,Accessories,11,313.55,19312.50,Alice Johnson,Latin America,2024-09-13,Wire Transfer,2026-07-30 00:07:34.800
913,Tablet,Electronics,19,798.78,9015.66,Grace Lee,Latin America,2026-06-07,Cash,2026-07-30 00:07:34.800
914,SSD,Storage,17,69.76,24687.75,Irene Clark,Middle East,2025-09-15,Credit Card,2026-07-30 00:07:34.800
915,SSD,Electronics,4,1167.58,2411.62,Henry Taylor,Europe,2026-07-16,Cash,2026-07-30 00:07:34.800
916,Headphones,Computing,10,837.16,674.20,David Brown,Latin America,2025-12-16,Cash,2026-07-30 00:07:34.800
917,Tablet,Accessories,6,1526.13,13056.24,Irene Clark,Latin America,2026-02-23,Credit Card,2026-07-30 00:07:34.800
918,Speaker,Audio,4,1348.93,24800.96,Emma Davis,North America,2024-11-28,PayPal,2026-07-30 00:07:34.800
919,Keyboard,Storage,11,1579.35,10172.41,Henry Taylor,North America,2025-08-28,Credit Card,2026-07-30 00:07:34.800
920,Laptop,Audio,5,1025.02,1259.50,Jack Moore,Latin America,2024-10-24,Cash,2026-07-30 00:07:34.800
921,Monitor,Computing,17,814.58,1542.95,Frank Wilson,Europe,2025-05-08,Credit Card,2026-07-30 00:07:34.800
922,Tablet,Accessories,3,523.06,2663.40,Carol White,Latin America,2024-09-21,Credit Card,2026-07-30 00:07:34.800
923,Keyboard,Audio,15,1179.22,6819.10,David Brown,Asia Pacific,2024-10-19,Debit Card,2026-07-30 00:07:34.800
924,Monitor,Audio,9,17.04,3562.36,Carol White,Latin America,2025-10-06,Credit Card,2026-07-30 00:07:34.800
925,Mouse,Audio,2,1914.39,28114.20,Grace Lee,Europe,2025-04-27,Credit Card,2026-07-30 00:07:34.800
926,Monitor,Electronics,20,1637.82,19324.00,Jack Moore,Middle East,2025-12-09,PayPal,2026-07-30 00:07:34.800
927,Mouse,Storage,20,1957.76,4855.77,David Brown,Latin America,2026-03-07,Wire Transfer,2026-07-30 00:07:34.800
928,Laptop,Computing,2,189.53,9110.36,David Brown,Asia Pacific,2024-07-31,Debit Card,2026-07-30 00:07:34.800
929,Phone,Computing,4,1354.17,5159.80,Frank Wilson,Asia Pacific,2025-12-11,Debit Card,2026-07-30 00:07:34.800
930,Speaker,Storage,1,139.93,5974.80,Emma Davis,Asia Pacific,2024-09-18,Credit Card,2026-07-30 00:07:34.800
931,Monitor,Audio,2,1292.78,7881.25,Henry Taylor,Latin America,2025-11-04,Credit Card,2026-07-30 00:07:34.800
932,Monitor,Electronics,13,1739.01,1218.60,Frank Wilson,Europe,2024-09-23,PayPal,2026-07-30 00:07:34.800
933,Speaker,Electronics,2,1359.74,6864.85,Jack Moore,Middle East,2026-06-18,Credit Card,2026-07-30 00:07:34.800
934,Mouse,Audio,15,1901.48,20571.32,Irene Clark,Europe,2025-04-24,Credit Card,2026-07-30 00:07:34.800
935,Phone,Audio,19,1538.90,9667.76,Alice Johnson,Middle East,2026-01-02,Debit Card,2026-07-30 00:07:34.800
936,Laptop,Accessories,10,16.45,17512.74,Emma Davis,Europe,2024-11-04,Cash,2026-07-30 00:07:34.800
937,Speaker,Storage,1,89.50,16081.74,Grace Lee,Latin America,2025-08-23,PayPal,2026-07-30 00:07:34.800
938,Keyboard,Computing,6,1618.88,734.34,Frank Wilson,Middle East,2025-06-02,Credit Card,2026-07-30 00:07:34.800
939,Keyboard,Accessories,12,64.10,1680.87,Jack Moore,Middle East,2026-05-25,Debit Card,2026-07-30 00:07:34.800
940,Webcam,Storage,14,888.77,2132.06,Henry Taylor,Europe,2026-05-23,Wire Transfer,2026-07-30 00:07:34.800
941,Laptop,Computing,4,1301.61,1408.11,Grace Lee,Latin America,2026-02-13,Wire Transfer,2026-07-30 00:07:34.800
942,Phone,Audio,3,778.63,6607.98,Irene Clark,Latin America,2025-10-27,Credit Card,2026-07-30 00:07:34.800
943,Laptop,Electronics,16,1057.99,4052.16,Jack Moore,Latin America,2026-02-15,Cash,2026-07-30 00:07:34.800
944,SSD,Computing,9,101.86,351.56,Frank Wilson,North America,2025-03-11,Wire Transfer,2026-07-30 00:07:34.800
945,SSD,Computing,11,987.88,11480.31,Frank Wilson,Latin America,2025-11-10,Wire Transfer,2026-07-30 00:07:34.800
946,Laptop,Electronics,8,1553.88,5903.91,Jack Moore,Middle East,2024-12-19,PayPal,2026-07-30 00:07:34.800
947,Keyboard,Accessories,3,512.50,720.00,Carol White,North America,2024-11-28,Credit Card,2026-07-30 00:07:34.800
948,Headphones,Electronics,16,1900.80,1549.93,Bob Smith,Middle East,2026-07-11,PayPal,2026-07-30 00:07:34.800
949,SSD,Storage,15,1754.99,14695.48,David Brown,Latin America,2025-04-22,Wire Transfer,2026-07-30 00:07:34.800
950,Monitor,Computing,17,626.89,356.85,Bob Smith,Europe,2024-08-06,Credit Card,2026-07-30 00:07:34.800
951,Keyboard,Storage,12,1104.80,1455.59,Henry Taylor,Asia Pacific,2024-10-21,Wire Transfer,2026-07-30 00:07:34.800
952,Mouse,Electronics,1,768.19,14131.53,Carol White,Latin America,2024-09-01,Credit Card,2026-07-30 00:07:34.800
953,Keyboard,Accessories,16,1293.32,981.92,Emma Davis,Middle East,2026-02-22,Cash,2026-07-30 00:07:34.800
954,Tablet,Electronics,4,1184.00,9892.89,Emma Davis,Europe,2026-07-10,Debit Card,2026-07-30 00:07:34.800
955,Phone,Accessories,15,824.42,11539.45,Emma Davis,Europe,2025-03-24,Cash,2026-07-30 00:07:34.800
956,Speaker,Accessories,17,1983.41,27135.80,Irene Clark,North America,2026-02-19,Wire Transfer,2026-07-30 00:07:34.800
957,Webcam,Audio,13,553.40,11248.49,Frank Wilson,North America,2025-03-20,PayPal,2026-07-30 00:07:34.800
958,Headphones,Audio,20,911.90,2060.96,Emma Davis,North America,2025-05-29,Debit Card,2026-07-30 00:07:34.800
959,Mouse,Storage,4,62.11,23008.44,Grace Lee,Middle East,2024-11-30,PayPal,2026-07-30 00:07:34.800
960,SSD,Storage,7,834.46,13174.38,Henry Taylor,North America,2026-01-03,Cash,2026-07-30 00:07:34.800
961,Phone,Audio,3,653.28,9417.24,Bob Smith,Latin America,2025-01-14,Cash,2026-07-30 00:07:34.800
962,Speaker,Storage,7,173.01,4159.38,Alice Johnson,Asia Pacific,2025-04-22,PayPal,2026-07-30 00:07:34.800
963,Tablet,Computing,14,801.33,7101.00,Frank Wilson,Middle East,2024-10-16,Debit Card,2026-07-30 00:07:34.800
964,Monitor,Accessories,3,750.71,142.20,Emma Davis,Middle East,2025-10-16,Debit Card,2026-07-30 00:07:34.800
965,Tablet,Audio,2,487.85,3934.88,Alice Johnson,Latin America,2025-11-30,Wire Transfer,2026-07-30 00:07:34.800
966,Speaker,Electronics,12,496.85,508.71,Frank Wilson,Latin America,2025-08-06,Wire Transfer,2026-07-30 00:07:34.800
967,Mouse,Electronics,15,588.18,10992.08,Alice Johnson,Latin America,2024-12-18,Wire Transfer,2026-07-30 00:07:34.800
968,Mouse,Storage,8,493.29,7532.96,Frank Wilson,Asia Pacific,2024-09-01,Wire Transfer,2026-07-30 00:07:34.800
969,Headphones,Computing,9,1950.27,19824.53,Emma Davis,Latin America,2026-07-10,Debit Card,2026-07-30 00:07:34.800
970,Headphones,Accessories,13,1391.89,7024.64,Frank Wilson,Latin America,2026-05-25,Cash,2026-07-30 00:07:34.800
971,Speaker,Computing,4,985.32,35141.45,Henry Taylor,Middle East,2024-09-09,Wire Transfer,2026-07-30 00:07:34.800
972,Webcam,Computing,12,1297.43,10893.26,David Brown,Latin America,2025-02-05,Wire Transfer,2026-07-30 00:07:34.800
973,Headphones,Audio,6,342.22,4647.87,Alice Johnson,Asia Pacific,2025-02-06,Debit Card,2026-07-30 00:07:34.800
974,Mouse,Accessories,13,1925.81,11205.44,Alice Johnson,Europe,2024-11-17,Credit Card,2026-07-30 00:07:34.800
975,Monitor,Accessories,15,880.34,957.60,Frank Wilson,North America,2026-04-08,Cash,2026-07-30 00:07:34.800
976,Webcam,Accessories,19,898.47,3719.30,Irene Clark,Europe,2026-05-19,Debit Card,2026-07-30 00:07:34.800
977,Laptop,Computing,1,510.07,708.12,Grace Lee,Asia Pacific,2025-08-25,Debit Card,2026-07-30 00:07:34.800
978,Laptop,Electronics,4,1786.33,8503.68,Carol White,Middle East,2024-08-24,Cash,2026-07-30 00:07:34.800
979,Tablet,Storage,20,881.96,10604.90,Frank Wilson,North America,2025-05-02,Debit Card,2026-07-30 00:07:34.800
980,Phone,Storage,17,985.81,13367.25,Emma Davis,Middle East,2025-10-05,Debit Card,2026-07-30 00:07:34.800
981,Phone,Accessories,12,717.18,9658.44,Grace Lee,Middle East,2026-02-15,Wire Transfer,2026-07-30 00:07:34.800
982,Speaker,Storage,10,1183.62,3930.43,Alice Johnson,Latin America,2025-03-21,Cash,2026-07-30 00:07:34.800
983,Keyboard,Audio,13,1336.98,5666.94,Jack Moore,North America,2025-11-26,Cash,2026-07-30 00:07:34.800
984,Phone,Electronics,3,448.84,9185.12,Frank Wilson,North America,2025-09-08,Wire Transfer,2026-07-30 00:07:34.800
985,Laptop,Electronics,17,961.77,2561.40,Jack Moore,Asia Pacific,2025-10-17,Credit Card,2026-07-30 00:07:34.800
986,Keyboard,Storage,13,549.59,3564.26,Frank Wilson,Middle East,2026-01-11,Debit Card,2026-07-30 00:07:34.800
987,Speaker,Accessories,5,871.00,7124.16,Jack Moore,Asia Pacific,2026-02-01,PayPal,2026-07-30 00:07:34.800
988,Laptop,Accessories,13,80.49,2417.60,Alice Johnson,North America,2025-12-13,PayPal,2026-07-30 00:07:34.800
989,Webcam,Storage,20,1019.70,26925.47,Alice Johnson,Middle East,2025-01-27,Wire Transfer,2026-07-30 00:07:34.800
990,Tablet,Audio,4,1382.93,737.94,Grace Lee,Europe,2025-01-24,PayPal,2026-07-30 00:07:34.800
991,SSD,Storage,4,946.00,32237.78,Alice Johnson,North America,2025-09-26,Credit Card,2026-07-30 00:07:34.800
992,Mouse,Storage,9,685.83,10159.68,David Brown,Middle East,2026-05-13,Credit Card,2026-07-30 00:07:34.800
993,Webcam,Accessories,15,496.80,2386.04,Bob Smith,Europe,2026-06-23,Credit Card,2026-07-30 00:07:34.800
994,Tablet,Storage,4,944.06,5104.30,Bob Smith,Middle East,2025-07-13,Cash,2026-07-30 00:07:34.800
995,Webcam,Electronics,2,1676.18,2231.14,Bob Smith,Latin America,2026-02-12,Credit Card,2026-07-30 00:07:34.800
996,Laptop,Accessories,20,1005.19,1496.72,Frank Wilson,Middle East,2026-01-17,PayPal,2026-07-30 00:07:34.800
997,Keyboard,Accessories,10,1963.77,1785.20,Grace Lee,Europe,2025-07-16,Cash,2026-07-30 00:07:34.800
998,Laptop,Computing,9,1271.36,23232.69,Grace Lee,Middle East,2025-04-23,Cash,2026-07-30 00:07:34.800
999,Keyboard,Accessories,2,1668.15,3144.84,Grace Lee,Middle East,2024-08-14,PayPal,2026-07-30 00:07:34.800
1000,SSD,Audio,15,1431.77,6564.96,Grace Lee,Latin America,2024-08-13,PayPal,2026-07-30 00:07:34.800
